Awscenter BMKG;;;;;;;;;;;;;;;;;;;;;;;;;
ID Stasiun;Nama Stasiun;Lat;Lng;Elevasi;Tanggal;rr;ws_avg;ws_max;wd_avg;tt_air_max;tt_air_avg;tt_air_min;rh_avg;pp_air;sr_avg;sr_max;nr;wl;tt_sea;tt_pan;ws_50cm;wl_pan;ev_pan;konduktivitas;ph_sea
STA2181;AWS Stamet 745 Kemayoran;-6.155.946;1.068.423;3;01/03/2021 00:00;0;1.3;1.8;215;29;29;28.9;65.3;1009.9;194.6;205.7;;;;;;;;;
STA2181;AWS Stamet 745 Kemayoran;-6.155.946;1.068.423;3;01/03/2021 00:01;0;0;0.9;0;29;29;28.9;65.1;1010.7;113;183.5;;;;;;;;;
STA2181;AWS Stamet 745 Kemayoran;-6.155.946;1.068.423;3;01/03/2021 00:02;0;0;0.5;0;29.1;29.1;29;65.3;1010.6;101.9;105.6;;;;;;;;;
STA2181;AWS Stamet 745 Kemayoran;-6.155.946;1.068.423;3;01/03/2021 00:03;0;0;0;0;29.1;29.1;29.1;65.5;1010.4;105.6;105.6;;;;;;;;;
STA2181;AWS Stamet 745 Kemayoran;-6.155.946;1.068.423;3;01/03/2021 00:04;0;1.2;1.2;199;29.1;29.1;29.1;64.8;1010.7;109.3;109.3;;;;;;;;;
STA2181;AWS Stamet 745 Kemayoran;-6.155.946;1.068.423;3;01/03/2021 00:05;0;0.4;1.8;276;29.2;29.2;29.1;64.7;1010.1;113;113;;;;;;;;;
STA2181;AWS Stamet 745 Kemayoran;-6.155.946;1.068.423;3;01/03/2021 00:06;0;0;0.3;0;29.2;29.2;29.2;65.3;1010.5;114.9;114.9;;;;;;;;;
STA2181;AWS Stamet 745 Kemayoran;-6.155.946;1.068.423;3;01/03/2021 00:07;0;1;1.1;237;29.3;29.2;29.2;64.2;1010.7;116.7;116.7;;;;;;;;;
STA2181;AWS Stamet 745 Kemayoran;-6.155.946;1.068.423;3;01/03/2021 00:08;0;0.7;1.3;205;29.3;29.3;29.2;63.8;1009.9;116.7;116.7;;;;;;;;;
STA2181;AWS Stamet 745 Kemayoran;-6.155.946;1.068.423;3;01/03/2021 00:09;0;2;2;283;29.3;29.3;29.2;64;1010.7;118.6;118.6;;;;;;;;;
STA2181;AWS Stamet 745 Kemayoran;-6.155.946;1.068.423;3;01/03/2021 00:10;0;2;3.3;209;29.3;29.3;29.3;62.7;1010.6;116.8;116.8;;;;;;;;;
STA2181;AWS Stamet 745 Kemayoran;-6.155.946;1.068.423;3;01/03/2021 00:11;0;1.6;2.8;217;29.4;29.3;29.3;62.6;1010.1;116.8;116.8;;;;;;;;;
STA2181;AWS Stamet 745 Kemayoran;-6.155.946;1.068.423;3;01/03/2021 00:12;0;1;1.7;261;29.4;29.4;29.4;63.3;1010.9;116.7;116.8;;;;;;;;;
STA2181;AWS Stamet 745 Kemayoran;-6.155.946;1.068.423;3;01/03/2021 00:13;0;1.3;2.4;228;29.5;29.5;29.3;62.2;1010.1;120.5;120.5;;;;;;;;;
STA2181;AWS Stamet 745 Kemayoran;-6.155.946;1.068.423;3;01/03/2021 00:14;0;1;1.8;271;29.5;29.5;29.4;63.8;1010.5;127.9;127.9;;;;;;;;;
STA2181;AWS Stamet 745 Kemayoran;-6.155.946;1.068.423;3;01/03/2021 00:15;0;0.8;1.3;188;29.6;29.5;29.5;63.9;1010.7;131.6;131.6;;;;;;;;;
STA2181;AWS Stamet 745 Kemayoran;-6.155.946;1.068.423;3;01/03/2021 00:16;0;0;1;0;29.7;29.6;29.6;63.1;1010;135.3;135.3;;;;;;;;;
STA2181;AWS Stamet 745 Kemayoran;-6.155.946;1.068.423;3;01/03/2021 00:17;0;2.2;2.2;221;29.8;29.7;29.6;62.7;1010.8;142.7;142.7;;;;;;;;;
STA2181;AWS Stamet 745 Kemayoran;-6.155.946;1.068.423;3;01/03/2021 00:18;0;2.2;2.2;195;29.8;29.8;29.7;62.7;1010.5;142.7;142.7;;;;;;;;;
STA2181;AWS Stamet 745 Kemayoran;-6.155.946;1.068.423;3;01/03/2021 00:19;0;0;2.4;0;29.8;29.8;29.7;63.2;1010.3;135.3;140.8;;;;;;;;;
STA2181;AWS Stamet 745 Kemayoran;-6.155.946;1.068.423;3;01/03/2021 00:20;0;1.5;1.5;348;29.9;29.8;29.8;63;1010.9;144.6;144.6;;;;;;;;;
STA2181;AWS Stamet 745 Kemayoran;-6.155.946;1.068.423;3;01/03/2021 00:21;0;2.5;2.5;190;30;29.8;29.8;61.6;1010.2;139;150.1;;;;;;;;;
STA2181;AWS Stamet 745 Kemayoran;-6.155.946;1.068.423;3;01/03/2021 00:22;0;3.2;3.3;238;29.9;29.8;29.7;61.6;1010.5;133.4;137.1;;;;;;;;;
STA2181;AWS Stamet 745 Kemayoran;-6.155.946;1.068.423;3;01/03/2021 00:23;0;2;2.2;233;29.8;29.7;29.7;61.6;1010.6;133.4;133.4;;;;;;;;;
STA2181;AWS Stamet 745 Kemayoran;-6.155.946;1.068.423;3;01/03/2021 00:24;0;3.1;3.6;283;29.7;29.6;29.6;62.4;1010;127.9;133.4;;;;;;;;;
STA2181;AWS Stamet 745 Kemayoran;-6.155.946;1.068.423;3;01/03/2021 00:25;0;0;3.1;0;29.7;29.6;29.6;62.5;1010.9;131.6;131.6;;;;;;;;;
STA2181;AWS Stamet 745 Kemayoran;-6.155.946;1.068.423;3;01/03/2021 00:26;0;0.7;1.4;37;29.6;29.6;29.5;63.9;1010.5;131.6;131.6;;;;;;;;;
STA2181;AWS Stamet 745 Kemayoran;-6.155.946;1.068.423;3;01/03/2021 00:27;0;3.4;3.4;227;29.6;29.5;29.5;62.6;1010.2;127.9;135.3;;;;;;;;;
STA2181;AWS Stamet 745 Kemayoran;-6.155.946;1.068.423;3;01/03/2021 00:28;0;4.3;4.3;237;29.6;29.5;29.5;63;1010.8;120.5;124.2;;;;;;;;;
STA2181;AWS Stamet 745 Kemayoran;-6.155.946;1.068.423;3;01/03/2021 00:29;0;1.3;4.3;320;29.6;29.5;29.4;63.1;1010.1;120.5;120.5;;;;;;;;;
STA2181;AWS Stamet 745 Kemayoran;-6.155.946;1.068.423;3;01/03/2021 00:30;0;1.1;2.2;268;29.5;29.4;29.4;63.7;1011;116.8;120.5;;;;;;;;;
STA2181;AWS Stamet 745 Kemayoran;-6.155.946;1.068.423;3;01/03/2021 00:31;0;1.6;3.5;222;29.5;29.5;29.4;63;1010.9;116.8;116.8;;;;;;;;;
STA2181;AWS Stamet 745 Kemayoran;-6.155.946;1.068.423;3;01/03/2021 00:32;0;1.1;3.1;248;29.5;29.5;29.4;63.1;1010.3;116.7;116.8;;;;;;;;;
STA2181;AWS Stamet 745 Kemayoran;-6.155.946;1.068.423;3;01/03/2021 00:33;0;2.5;2.5;218;29.5;29.4;29.4;63.5;1010.9;120.5;120.5;;;;;;;;;
STA2181;AWS Stamet 745 Kemayoran;-6.155.946;1.068.423;3;01/03/2021 00:34;0;0.8;2.1;337;29.5;29.4;29.3;63.6;1010.4;126;126;;;;;;;;;
STA2181;AWS Stamet 745 Kemayoran;-6.155.946;1.068.423;3;01/03/2021 00:35;0;1.2;1.2;201;29.4;29.4;29.3;63.9;1010.7;131.6;131.6;;;;;;;;;
STA2181;AWS Stamet 745 Kemayoran;-6.155.946;1.068.423;3;01/03/2021 00:36;0;2.7;2.7;246;29.5;29.4;29.4;64.7;1010.9;135.3;135.3;;;;;;;;;
STA2181;AWS Stamet 745 Kemayoran;-6.155.946;1.068.423;3;01/03/2021 00:37;0;3.4;3.4;244;29.4;29.4;29.3;63.1;1010.1;139;139;;;;;;;;;
STA2181;AWS Stamet 745 Kemayoran;-6.155.946;1.068.423;3;01/03/2021 00:38;0;1.5;3.7;209;29.4;29.4;29.3;63.1;1010.9;142.7;142.7;;;;;;;;;
STA2181;AWS Stamet 745 Kemayoran;-6.155.946;1.068.423;3;01/03/2021 00:39;0;0.3;1.6;334;29.4;29.4;29.4;63.9;1010.6;146.4;146.4;;;;;;;;;
STA2181;AWS Stamet 745 Kemayoran;-6.155.946;1.068.423;3;01/03/2021 00:40;0;0;1;0;29.5;29.4;29.4;64;1010.5;157.5;157.5;;;;;;;;;
STA2181;AWS Stamet 745 Kemayoran;-6.155.946;1.068.423;3;01/03/2021 00:41;0;1.3;1.5;287;29.5;29.5;29.4;64.5;1011;177.9;177.9;;;;;;;;;
STA2181;AWS Stamet 745 Kemayoran;-6.155.946;1.068.423;3;01/03/2021 00:42;0;3.1;4;267;29.5;29.4;29.4;63.4;1010.5;174.2;190.9;;;;;;;;;
STA2181;AWS Stamet 745 Kemayoran;-6.155.946;1.068.423;3;01/03/2021 00:43;0;1.8;3.9;274;29.4;29.4;29.4;63.9;1010.6;176.1;176.1;;;;;;;;;
STA2181;AWS Stamet 745 Kemayoran;-6.155.946;1.068.423;3;01/03/2021 00:44;0;3.5;3.7;247;29.5;29.4;29.4;63;1010.9;200.1;200.1;;;;;;;;;
STA2181;AWS Stamet 745 Kemayoran;-6.155.946;1.068.423;3;01/03/2021 00:45;0;1.8;3.4;243;29.4;29.4;29.4;63.1;1010.2;227.9;229.8;;;;;;;;;
STA2181;AWS Stamet 745 Kemayoran;-6.155.946;1.068.423;3;01/03/2021 00:46;0;1.4;2.5;199;29.5;29.5;29.4;63.8;1011;287.2;287.2;;;;;;;;;
STA2181;AWS Stamet 745 Kemayoran;-6.155.946;1.068.423;3;01/03/2021 00:47;0;1.8;2.9;224;29.5;29.5;29.4;63.2;1010.7;357.7;357.7;;;;;;;;;
STA2181;AWS Stamet 745 Kemayoran;-6.155.946;1.068.423;3;01/03/2021 00:48;0;1;1.8;328;29.8;29.8;29.6;63.4;1010.5;633.8;635.6;;;;;;;;;
STA2181;AWS Stamet 745 Kemayoran;-6.155.946;1.068.423;3;01/03/2021 00:49;0;2.2;2.8;222;29.8;29.8;29.8;62.4;1011;339.1;576.3;;;;;;;;;
STA2181;AWS Stamet 745 Kemayoran;-6.155.946;1.068.423;3;01/03/2021 00:50;0;1.7;3.1;319;30;29.9;29.9;62.9;1010.2;313.2;392.9;;;;;;;;;
STA2181;AWS Stamet 745 Kemayoran;-6.155.946;1.068.423;3;01/03/2021 00:51;0;1.9;3.1;218;30;29.8;29.8;62.2;1010.7;450.3;450.3;;;;;;;;;
STA2181;AWS Stamet 745 Kemayoran;-6.155.946;1.068.423;3;01/03/2021 00:52;0;2;4;219;29.9;29.9;29.9;62.3;1010.7;650.5;661.6;;;;;;;;;
STA2181;AWS Stamet 745 Kemayoran;-6.155.946;1.068.423;3;01/03/2021 00:53;0;3;3.9;347;30.1;30;29.9;61.8;1010.1;696.8;696.8;;;;;;;;;
STA2181;AWS Stamet 745 Kemayoran;-6.155.946;1.068.423;3;01/03/2021 00:54;0;2.8;3.4;275;30.2;30.2;30.1;61.1;1010.9;702.4;702.4;;;;;;;;;
STA2181;AWS Stamet 745 Kemayoran;-6.155.946;1.068.423;3;01/03/2021 00:55;0;1.5;2.5;238;30.3;30.3;30.2;61.3;1010.3;713.5;713.5;;;;;;;;;
STA2181;AWS Stamet 745 Kemayoran;-6.155.946;1.068.423;3;01/03/2021 00:56;0;2.7;3.5;235;30.5;30.5;30.4;60.5;1010.5;709.8;720.9;;;;;;;;;
STA2181;AWS Stamet 745 Kemayoran;-6.155.946;1.068.423;3;01/03/2021 00:57;0;1.6;3.3;276;30.7;30.7;30.5;61.2;1010.9;698.6;728.3;;;;;;;;;
STA2181;AWS Stamet 745 Kemayoran;-6.155.946;1.068.423;3;01/03/2021 00:58;0;1.4;5.6;251;30.7;30.6;30.6;60.4;1010.4;672.7;735.7;;;;;;;;;
STA2181;AWS Stamet 745 Kemayoran;-6.155.946;1.068.423;3;01/03/2021 00:59;0;1.5;2.8;262;30.6;30.6;30.6;60.7;1010.9;732;733.8;;;;;;;;;
STA2181;AWS Stamet 745 Kemayoran;-6.155.946;1.068.423;3;01/03/2021 01:00;0;2.3;2.7;271;30.8;30.7;30.6;61.1;1010.6;561.5;746.8;;;;;;;;;
STA2181;AWS Stamet 745 Kemayoran;-6.155.946;1.068.423;3;01/03/2021 01:01;0;1.4;2.5;278;31;31;30.8;60.3;1010.5;454;700.5;;;;;;;;;
STA2181;AWS Stamet 745 Kemayoran;-6.155.946;1.068.423;3;01/03/2021 01:02;0;2.1;3.3;263;31;31;30.9;60.7;1010.9;535.6;535.6;;;;;;;;;
STA2181;AWS Stamet 745 Kemayoran;-6.155.946;1.068.423;3;01/03/2021 01:03;0;0;1.6;0;31.1;31.1;31;61.1;1010.3;498.5;757.9;;;;;;;;;
STA2181;AWS Stamet 745 Kemayoran;-6.155.946;1.068.423;3;01/03/2021 01:04;0;1.7;1.7;276;31.3;31.2;31.1;60;1010.9;650.4;687.5;;;;;;;;;
STA2181;AWS Stamet 745 Kemayoran;-6.155.946;1.068.423;3;01/03/2021 01:05;0;1.3;2.8;214;31.2;31.1;31;59.7;1010.9;583.7;715.3;;;;;;;;;
STA2181;AWS Stamet 745 Kemayoran;-6.155.946;1.068.423;3;01/03/2021 01:06;0;2.2;2.2;319;31.2;31.2;31.1;61.2;1010.5;648.6;713.5;;;;;;;;;
STA2181;AWS Stamet 745 Kemayoran;-6.155.946;1.068.423;3;01/03/2021 01:07;0;0.3;1.3;274;31.3;31.3;31.2;60.6;1011.1;554.1;620.8;;;;;;;;;
STA2181;AWS Stamet 745 Kemayoran;-6.155.946;1.068.423;3;01/03/2021 01:08;0;1.4;2;316;31.4;31.3;31.3;59;1010.2;650.4;752.4;;;;;;;;;
STA2181;AWS Stamet 745 Kemayoran;-6.155.946;1.068.423;3;01/03/2021 01:09;0;1.6;2.5;262;31.3;31.1;31.1;59.9;1010.9;641.2;657.9;;;;;;;;;
STA2181;AWS Stamet 745 Kemayoran;-6.155.946;1.068.423;3;01/03/2021 01:10;0;3.1;4.2;277;31.1;31;31;59.5;1010.9;520.7;555.9;;;;;;;;;
STA2181;AWS Stamet 745 Kemayoran;-6.155.946;1.068.423;3;01/03/2021 01:11;0;2.3;3.4;219;31;31;30.9;60.2;1010.3;572.6;687.5;;;;;;;;;
STA2181;AWS Stamet 745 Kemayoran;-6.155.946;1.068.423;3;01/03/2021 01:12;0;0.8;2.9;168;31.1;31.1;30.9;61;1011;524.4;580;;;;;;;;;
STA2181;AWS Stamet 745 Kemayoran;-6.155.946;1.068.423;3;01/03/2021 01:13;0;2.2;3.1;280;31.2;31.1;31.1;59.7;1010.5;546.7;546.7;;;;;;;;;
STA2181;AWS Stamet 745 Kemayoran;-6.155.946;1.068.423;3;01/03/2021 01:14;0;4.7;4.7;248;31.2;31.1;31.1;59.7;1010.9;509.6;565.2;;;;;;;;;
STA2181;AWS Stamet 745 Kemayoran;-6.155.946;1.068.423;3;01/03/2021 01:15;0;2.9;3.5;208;31.2;31;31;60.1;1011;613.4;613.4;;;;;;;;;
STA2181;AWS Stamet 745 Kemayoran;-6.155.946;1.068.423;3;01/03/2021 01:16;0;2.6;4;288;31;30.9;30.9;60.5;1010.4;446.6;520.7;;;;;;;;;
STA2181;AWS Stamet 745 Kemayoran;-6.155.946;1.068.423;3;01/03/2021 01:17;0;1;2.4;305;31;31;30.8;61.3;1011.2;461.4;572.6;;;;;;;;;
STA2181;AWS Stamet 745 Kemayoran;-6.155.946;1.068.423;3;01/03/2021 01:18;0;4;4.6;226;30.9;30.9;30.8;59.9;1010.5;531.8;643;;;;;;;;;
STA2181;AWS Stamet 745 Kemayoran;-6.155.946;1.068.423;3;01/03/2021 01:19;0;2.8;3.4;241;30.8;30.6;30.6;60.5;1010.3;398.4;480;;;;;;;;;
STA2181;AWS Stamet 745 Kemayoran;-6.155.946;1.068.423;3;01/03/2021 01:20;0;2.2;3.8;291;30.6;30.6;30.6;61.4;1010.9;669;669;;;;;;;;;
STA2181;AWS Stamet 745 Kemayoran;-6.155.946;1.068.423;3;01/03/2021 01:21;0;2.5;4;218;30.7;30.5;30.5;60.8;1010.2;400.3;502.2;;;;;;;;;
STA2181;AWS Stamet 745 Kemayoran;-6.155.946;1.068.423;3;01/03/2021 01:22;0;2.5;2.5;266;30.8;30.7;30.6;61;1011.2;739.4;789.4;;;;;;;;;
STA2181;AWS Stamet 745 Kemayoran;-6.155.946;1.068.423;3;01/03/2021 01:23;0;3.2;4.8;237;30.9;30.8;30.8;60.2;1010.5;424.4;487.4;;;;;;;;;
STA2181;AWS Stamet 745 Kemayoran;-6.155.946;1.068.423;3;01/03/2021 01:24;0;2.4;4.6;288;30.7;30.5;30.5;60.6;1010.8;413.2;628.2;;;;;;;;;
STA2181;AWS Stamet 745 Kemayoran;-6.155.946;1.068.423;3;01/03/2021 01:25;0;3.7;3.9;211;30.7;30.6;30.6;60.8;1010.9;461.4;461.4;;;;;;;;;
STA2181;AWS Stamet 745 Kemayoran;-6.155.946;1.068.423;3;01/03/2021 01:26;0;2.9;5;230;30.7;30.6;30.6;60.3;1010.5;717.2;717.2;;;;;;;;;
STA2181;AWS Stamet 745 Kemayoran;-6.155.946;1.068.423;3;01/03/2021 01:27;0;2.6;3.1;255;30.7;30.6;30.6;60.1;1011.3;509.6;517;;;;;;;;;
STA2181;AWS Stamet 745 Kemayoran;-6.155.946;1.068.423;3;01/03/2021 01:28;0;2.4;3.1;275;30.7;30.6;30.6;60.5;1010.2;468.8;535.6;;;;;;;;;
STA2181;AWS Stamet 745 Kemayoran;-6.155.946;1.068.423;3;01/03/2021 01:29;0;2.3;2.9;224;30.7;30.6;30.6;61.1;1010.8;550.4;847;;;;;;;;;
STA2181;AWS Stamet 745 Kemayoran;-6.155.946;1.068.423;3;01/03/2021 01:30;0;2.6;2.6;280;30.9;30.9;30.8;61.3;1010.9;587.4;587.4;;;;;;;;;
STA2181;AWS Stamet 745 Kemayoran;-6.155.946;1.068.423;3;01/03/2021 01:31;0;1.9;1.9;351;31;31;30.9;60.1;1010.3;783.9;798.7;;;;;;;;;
STA2181;AWS Stamet 745 Kemayoran;-6.155.946;1.068.423;3;01/03/2021 01:32;0;2.1;3.4;334;31.2;31.1;31.1;59.1;1011.3;798.7;802;;;;;;;;;
STA2181;AWS Stamet 745 Kemayoran;-6.155.946;1.068.423;3;01/03/2021 01:33;0;1.5;1.8;301;31.2;31.2;31.1;59.5;1010.5;796.9;798.7;;;;;;;;;
STA2181;AWS Stamet 745 Kemayoran;-6.155.946;1.068.423;3;01/03/2021 01:34;0;1.6;1.9;202;31.3;31.3;31.2;59.7;1011;457.7;798.7;;;;;;;;;
STA2181;AWS Stamet 745 Kemayoran;-6.155.946;1.068.423;3;01/03/2021 01:35;0;2.4;2.4;263;31.4;31.4;31.3;59.2;1011.1;808;808;;;;;;;;;
STA2181;AWS Stamet 745 Kemayoran;-6.155.946;1.068.423;3;01/03/2021 01:36;0;3;4.1;265;31.4;31.2;31.2;59.5;1010.4;502.2;825;;;;;;;;;
STA2181;AWS Stamet 745 Kemayoran;-6.155.946;1.068.423;3;01/03/2021 01:37;0;1.6;3;294;31.2;31.2;31.1;59.4;1011.2;843.2;847;;;;;;;;;
STA2181;AWS Stamet 745 Kemayoran;-6.155.946;1.068.423;3;01/03/2021 01:38;0;1;2.2;291;31.3;31.3;31.1;60.5;1010.5;850.6;851;;;;;;;;;
STA2181;AWS Stamet 745 Kemayoran;-6.155.946;1.068.423;3;01/03/2021 01:39;0;0.3;1;348;31.5;31.5;31.3;59.3;1011.1;606;772.8;;;;;;;;;
STA2181;AWS Stamet 745 Kemayoran;-6.155.946;1.068.423;3;01/03/2021 01:40;0;1.9;3.4;323;31.7;31.6;31.6;59.1;1011;528.1;851;;;;;;;;;
STA2181;AWS Stamet 745 Kemayoran;-6.155.946;1.068.423;3;01/03/2021 01:41;0;0;1.3;0;31.7;31.7;31.6;60.1;1010.6;635.6;787.6;;;;;;;;;
STA2181;AWS Stamet 745 Kemayoran;-6.155.946;1.068.423;3;01/03/2021 01:42;0;0.3;1.1;12;31.9;31.9;31.9;58.9;1011.2;517;828;;;;;;;;;
STA2181;AWS Stamet 745 Kemayoran;-6.155.946;1.068.423;3;01/03/2021 01:43;0;0.8;2.5;350;32;31.9;31.9;58.5;1010.5;680.1;680.1;;;;;;;;;
STA2181;AWS Stamet 745 Kemayoran;-6.155.946;1.068.423;3;01/03/2021 01:44;0;2.4;2.4;328;32;32;31.9;58.6;1011;783.9;821;;;;;;;;;
STA2181;AWS Stamet 745 Kemayoran;-6.155.946;1.068.423;3;01/03/2021 01:45;0;1;1.7;277;32.1;32;31.9;59;1010.9;780.2;787.6;;;;;;;;;
STA2181;AWS Stamet 745 Kemayoran;-6.155.946;1.068.423;3;01/03/2021 01:46;0;1;1.4;296;32.1;32.1;32;58;1010.5;782;787.6;;;;;;;;;
STA2181;AWS Stamet 745 Kemayoran;-6.155.946;1.068.423;3;01/03/2021 01:47;0;3.3;3.3;222;32.3;32.3;32.1;57.4;1011.3;780.2;780.2;;;;;;;;;
STA2181;AWS Stamet 745 Kemayoran;-6.155.946;1.068.423;3;01/03/2021 01:48;0;2.3;5.8;253;32.3;32.2;32.2;57.4;1010.5;765.4;780.2;;;;;;;;;
STA2181;AWS Stamet 745 Kemayoran;-6.155.946;1.068.423;3;01/03/2021 01:49;0;3.6;3.6;242;32.1;31.9;31.9;57.8;1011.1;765.3;772.8;;;;;;;;;
STA2181;AWS Stamet 745 Kemayoran;-6.155.946;1.068.423;3;01/03/2021 01:50;0;1.6;3.1;330;31.9;31.9;31.9;57.4;1010.9;770.9;772.8;;;;;;;;;
STA2181;AWS Stamet 745 Kemayoran;-6.155.946;1.068.423;3;01/03/2021 01:51;0;2.8;2.8;260;31.9;31.8;31.8;57.5;1010.5;776.5;776.5;;;;;;;;;
STA2181;AWS Stamet 745 Kemayoran;-6.155.946;1.068.423;3;01/03/2021 01:52;0;1;3.7;225;31.7;31.7;31.7;57.6;1011.2;774.6;776.5;;;;;;;;;
STA2181;AWS Stamet 745 Kemayoran;-6.155.946;1.068.423;3;01/03/2021 01:53;0;1.8;1.8;167;31.9;31.9;31.7;57.8;1010.4;776.5;776.5;;;;;;;;;
STA2181;AWS Stamet 745 Kemayoran;-6.155.946;1.068.423;3;01/03/2021 01:54;0;0;1.3;0;32.1;32.1;31.9;59.5;1011.1;776.5;778.3;;;;;;;;;
STA2181;AWS Stamet 745 Kemayoran;-6.155.946;1.068.423;3;01/03/2021 01:55;0;4.3;4.3;232;32.3;32;32;57.9;1011.1;787.6;787.6;;;;;;;;;
STA2181;AWS Stamet 745 Kemayoran;-6.155.946;1.068.423;3;01/03/2021 01:56;0;4.7;5.2;225;32.1;31.8;31.8;57.5;1010.7;795;798.7;;;;;;;;;
STA2181;AWS Stamet 745 Kemayoran;-6.155.946;1.068.423;3;01/03/2021 01:57;0;3.1;4.2;225;31.8;31.8;31.7;58.5;1011.2;806.1;806;;;;;;;;;
STA2181;AWS Stamet 745 Kemayoran;-6.155.946;1.068.423;3;01/03/2021 01:58;0;4.1;4.1;292;31.8;31.8;31.7;57.7;1010.5;808;808;;;;;;;;;
STA2181;AWS Stamet 745 Kemayoran;-6.155.946;1.068.423;3;01/03/2021 01:59;0;2.4;4.3;276;31.8;31.8;31.7;57.4;1011.3;808;808;;;;;;;;;
STA2181;AWS Stamet 745 Kemayoran;-6.155.946;1.068.423;3;01/03/2021 02:00;0;2.9;4;244;31.8;31.7;31.7;57.9;1010.5;824.6;826;;;;;;;;;
STA2181;AWS Stamet 745 Kemayoran;-6.155.946;1.068.423;3;01/03/2021 02:01;0;1.3;2.8;201;31.9;31.9;31.8;58;1010.9;835.8;836;;;;;;;;;
STA2181;AWS Stamet 745 Kemayoran;-6.155.946;1.068.423;3;01/03/2021 02:02;0;2.2;3.1;230;32;31.9;31.9;57.9;1011.1;843.2;843;;;;;;;;;
STA2181;AWS Stamet 745 Kemayoran;-6.155.946;1.068.423;3;01/03/2021 02:03;0;2.3;2.3;221;32;31.9;31.9;57.9;1010.3;854.3;854;;;;;;;;;
STA2181;AWS Stamet 745 Kemayoran;-6.155.946;1.068.423;3;01/03/2021 02:04;0;3.1;3.1;239;32;32;32;57.1;1011.2;876.5;877;;;;;;;;;
STA2181;AWS Stamet 745 Kemayoran;-6.155.946;1.068.423;3;01/03/2021 02:05;0;3;3.7;270;32.2;32.1;32.1;57.5;1010.4;883.9;884;;;;;;;;;
STA2181;AWS Stamet 745 Kemayoran;-6.155.946;1.068.423;3;01/03/2021 02:06;0;1.9;1.9;281;32.3;32.3;32.1;57.1;1010.9;911.7;912;;;;;;;;;
STA2181;AWS Stamet 745 Kemayoran;-6.155.946;1.068.423;3;01/03/2021 02:07;0;2.2;3;310;32.4;32.3;32.3;56.2;1010.7;954.4;954;;;;;;;;;
STA2181;AWS Stamet 745 Kemayoran;-6.155.946;1.068.423;3;01/03/2021 02:08;0;2.5;2.9;351;32.3;32.3;32.2;56.2;1010.5;985.9;986;;;;;;;;;
STA2181;AWS Stamet 745 Kemayoran;-6.155.946;1.068.423;3;01/03/2021 02:09;0;1.3;2.2;287;32.3;32.3;32.2;57.3;1011;1002.5;1003;;;;;;;;;
STA2181;AWS Stamet 745 Kemayoran;-6.155.946;1.068.423;3;01/03/2021 02:10;0;0;2.2;0;32.5;32.5;32.4;56.3;1010.2;1047;1047;;;;;;;;;
STA2181;AWS Stamet 745 Kemayoran;-6.155.946;1.068.423;3;01/03/2021 02:11;0;0.6;0.6;101;32.7;32.7;32.5;56.1;1010.9;717.2;1054;;;;;;;;;
STA2181;AWS Stamet 745 Kemayoran;-6.155.946;1.068.423;3;01/03/2021 02:12;0;1.2;1.2;231;32.8;32.8;32.6;55.6;1010.5;607.8;927;;;;;;;;;
STA2181;AWS Stamet 745 Kemayoran;-6.155.946;1.068.423;3;01/03/2021 02:13;0;1.4;1.9;253;32.8;32.6;32.6;54.4;1010.6;943.2;991;;;;;;;;;
STA2181;AWS Stamet 745 Kemayoran;-6.155.946;1.068.423;3;01/03/2021 02:14;0;1.7;1.8;244;32.6;32.6;32.5;54.8;1010.8;941.4;1093;;;;;;;;;
STA2181;AWS Stamet 745 Kemayoran;-6.155.946;1.068.423;3;01/03/2021 02:15;0;2.5;2.5;223;32.8;32.8;32.6;54.3;1010;1010;1162;;;;;;;;;
STA2181;AWS Stamet 745 Kemayoran;-6.155.946;1.068.423;3;01/03/2021 02:16;0;2.2;2.8;312;32.9;32.7;32.7;53.3;1010.7;770.9;1106;;;;;;;;;
STA2181;AWS Stamet 745 Kemayoran;-6.155.946;1.068.423;3;01/03/2021 02:17;0;0.5;2.2;221;32.7;32.5;32.5;52.9;1010.4;1069.3;1069;;;;;;;;;
STA2181;AWS Stamet 745 Kemayoran;-6.155.946;1.068.423;3;01/03/2021 02:18;0;1.3;2;307;32.6;32.6;32.5;54;1010.7;602.3;1067;;;;;;;;;
STA2181;AWS Stamet 745 Kemayoran;-6.155.946;1.068.423;3;01/03/2021 02:19;0;4.6;6.2;266;32.8;32.7;32.6;52.6;1010.8;872.9;1017;;;;;;;;;
STA2181;AWS Stamet 745 Kemayoran;-6.155.946;1.068.423;3;01/03/2021 02:20;0;2.2;4.1;287;32.7;32.6;32.6;54;1010.2;824.7;1149;;;;;;;;;
STA2181;AWS Stamet 745 Kemayoran;-6.155.946;1.068.423;3;01/03/2021 02:21;0;1.7;4.3;248;32.8;32.8;32.7;53.1;1010.9;987.8;1090;;;;;;;;;
STA2181;AWS Stamet 745 Kemayoran;-6.155.946;1.068.423;3;01/03/2021 02:22;0;1;2.5;309;32.8;32.8;32.7;53.7;1010.1;1010;1040;;;;;;;;;
STA2181;AWS Stamet 745 Kemayoran;-6.155.946;1.068.423;3;01/03/2021 02:23;0;1.5;1.5;299;32.9;32.9;32.8;52.4;1010.8;960;1051;;;;;;;;;
STA2181;AWS Stamet 745 Kemayoran;-6.155.946;1.068.423;3;01/03/2021 02:24;0;0.8;2.3;42;33;32.9;32.8;53.1;1010.3;1028.6;1029;;;;;;;;;
STA2181;AWS Stamet 745 Kemayoran;-6.155.946;1.068.423;3;01/03/2021 02:25;0;2.7;4;261;33;32.9;32.9;52.4;1010.5;1134.2;1134;;;;;;;;;
STA2181;AWS Stamet 745 Kemayoran;-6.155.946;1.068.423;3;01/03/2021 02:26;0;1.6;3.4;256;32.9;32.7;32.7;52.4;1010.7;1139.8;1147;;;;;;;;;
STA2181;AWS Stamet 745 Kemayoran;-6.155.946;1.068.423;3;01/03/2021 02:27;0;2.5;2.8;190;32.8;32.7;32.7;52.8;1010.2;841.4;1080;;;;;;;;;
STA2181;AWS Stamet 745 Kemayoran;-6.155.946;1.068.423;3;01/03/2021 02:28;0;0.7;3.4;206;32.7;32.5;32.5;52.2;1010.9;1136.1;1136;;;;;;;;;
STA2181;AWS Stamet 745 Kemayoran;-6.155.946;1.068.423;3;01/03/2021 02:29;0;3.1;3.1;235;32.5;32.5;32.4;52.6;1010.3;1206.5;1207;;;;;;;;;
STA2181;AWS Stamet 745 Kemayoran;-6.155.946;1.068.423;3;01/03/2021 02:30;0;1.5;2.7;227;32.6;32.6;32.5;52.4;1010.6;1202.8;1221;;;;;;;;;
STA2181;AWS Stamet 745 Kemayoran;-6.155.946;1.068.423;3;01/03/2021 02:31;0;2.7;3.5;264;32.9;32.9;32.7;51.9;1010.8;1243.6;1244;;;;;;;;;
STA2181;AWS Stamet 745 Kemayoran;-6.155.946;1.068.423;3;01/03/2021 02:32;0;1.4;2.5;314;33.1;33.1;33;50.6;1010.4;1147.2;1236;;;;;;;;;
STA2181;AWS Stamet 745 Kemayoran;-6.155.946;1.068.423;3;01/03/2021 02:33;0;1.8;2.2;181;33.1;33.1;33.1;50.9;1010.9;1139.8;1140;;;;;;;;;
STA2181;AWS Stamet 745 Kemayoran;-6.155.946;1.068.423;3;01/03/2021 02:34;0;0.8;1.9;6;33.2;33.2;33;51.1;1010.3;1006.4;1177;;;;;;;;;
STA2181;AWS Stamet 745 Kemayoran;-6.155.946;1.068.423;3;01/03/2021 02:35;0;2.7;2.7;291;33.3;33.2;33.1;50.7;1010.9;595;916;;;;;;;;;
STA2181;AWS Stamet 745 Kemayoran;-6.155.946;1.068.423;3;01/03/2021 02:36;0;1.3;2.6;170;33.2;33.2;33.1;52.1;1010.3;654.3;654.3;;;;;;;;;
STA2181;AWS Stamet 745 Kemayoran;-6.155.946;1.068.423;3;01/03/2021 02:37;0;2.2;3.7;247;33.2;33.1;33.1;52.1;1010.4;793.3;1062;;;;;;;;;
STA2181;AWS Stamet 745 Kemayoran;-6.155.946;1.068.423;3;01/03/2021 02:38;0;2.1;3.5;294;33.2;33.1;33;51.8;1010.7;1265.9;1266;;;;;;;;;
STA2181;AWS Stamet 745 Kemayoran;-6.155.946;1.068.423;3;01/03/2021 02:39;0;3.3;3.9;272;33.1;33;33;52.4;1010.3;1149.2;1305;;;;;;;;;
STA2181;AWS Stamet 745 Kemayoran;-6.155.946;1.068.423;3;01/03/2021 02:40;0;2.2;3.1;270;33.1;32.9;32.9;51.4;1011.1;732.1;877;;;;;;;;;
STA2181;AWS Stamet 745 Kemayoran;-6.155.946;1.068.423;3;01/03/2021 02:41;0;1.1;2.6;303;33;33;32.9;52;1010;572.7;772.9;;;;;;;;;
STA2181;AWS Stamet 745 Kemayoran;-6.155.946;1.068.423;3;01/03/2021 02:42;0;0;1.7;0;33;32.9;32.9;52.4;1011.6;1002.8;1051;;;;;;;;;
STA2181;AWS Stamet 745 Kemayoran;-6.155.946;1.068.423;3;01/03/2021 02:43;0;2.2;2.5;221;33.1;33.1;32.9;53.2;1010.3;680.3;1270;;;;;;;;;
STA2181;AWS Stamet 745 Kemayoran;-6.155.946;1.068.423;3;01/03/2021 02:44;0;1.5;1.6;297;33.1;33;33;51.9;1010.5;639.5;717.3;;;;;;;;;
STA2181;AWS Stamet 745 Kemayoran;-6.155.946;1.068.423;3;01/03/2021 02:45;0;3.4;3.4;231;33.2;33.1;33;51.7;1010.9;502.3;591.3;;;;;;;;;
STA2181;AWS Stamet 745 Kemayoran;-6.155.946;1.068.423;3;01/03/2021 02:46;0;1.3;3.4;272;33.2;33.1;33.1;53.1;1010.1;646.9;646.9;;;;;;;;;
STA2181;AWS Stamet 745 Kemayoran;-6.155.946;1.068.423;3;01/03/2021 02:47;0;2.1;3.4;195;33.2;33.2;33.2;53.6;1011;1047.3;1125;;;;;;;;;
STA2181;AWS Stamet 745 Kemayoran;-6.155.946;1.068.423;3;01/03/2021 02:48;0;2.9;3.7;252;33.4;33.3;33.2;51.4;1010.1;958.3;1094;;;;;;;;;
STA2181;AWS Stamet 745 Kemayoran;-6.155.946;1.068.423;3;01/03/2021 02:49;0;2;3.5;306;33.4;33.4;33.3;51.3;1011;1329;1329;;;;;;;;;
STA2181;AWS Stamet 745 Kemayoran;-6.155.946;1.068.423;3;01/03/2021 02:50;0;3.7;3.7;260;33.5;33.5;33.3;51.4;1010.5;913.8;1262;;;;;;;;;
STA2181;AWS Stamet 745 Kemayoran;-6.155.946;1.068.423;3;01/03/2021 02:51;0;1.7;5.2;272;33.6;33.4;33.4;51.8;1010.6;719.2;1044;;;;;;;;;
STA2181;AWS Stamet 745 Kemayoran;-6.155.946;1.068.423;3;01/03/2021 02:52;0;1.6;2.5;285;33.4;33.1;33.1;49.7;1010.9;1310.6;1311;;;;;;;;;
STA2181;AWS Stamet 745 Kemayoran;-6.155.946;1.068.423;3;01/03/2021 02:53;0;1.5;2.2;220;33.1;33.1;33;52.2;1010.1;843.4;1370;;;;;;;;;
STA2181;AWS Stamet 745 Kemayoran;-6.155.946;1.068.423;3;01/03/2021 02:54;0;2.4;4;215;33.3;33.2;33.2;51.1;1010.9;735.9;825;;;;;;;;;
STA2181;AWS Stamet 745 Kemayoran;-6.155.946;1.068.423;3;01/03/2021 02:55;0;2;3.1;233;33.2;33.2;33.1;50.4;1010.2;991.7;992;;;;;;;;;
STA2181;AWS Stamet 745 Kemayoran;-6.155.946;1.068.423;3;01/03/2021 02:56;0;1.6;3.4;286;33.2;33.2;33.1;51.4;1011.2;758.2;1062;;;;;;;;;
STA2181;AWS Stamet 745 Kemayoran;-6.155.946;1.068.423;3;01/03/2021 02:57;0;2.9;4.2;241;33.2;33.1;33.1;50.3;1010.7;591.3;695.1;;;;;;;;;
STA2181;AWS Stamet 745 Kemayoran;-6.155.946;1.068.423;3;01/03/2021 02:58;0;1.7;3.7;297;33.1;33;32.9;51.4;1010.5;1147.4;1147;;;;;;;;;
STA2181;AWS Stamet 745 Kemayoran;-6.155.946;1.068.423;3;01/03/2021 02:59;0;1.3;1.5;246;33;32.9;32.9;51.1;1011;721.1;981;;;;;;;;;
STA2181;AWS Stamet 745 Kemayoran;-6.155.946;1.068.423;3;01/03/2021 03:00;0;1.9;1.9;216;33;33;33;51.5;1010.2;713.7;868;;;;;;;;;
STA2181;AWS Stamet 745 Kemayoran;-6.155.946;1.068.423;3;01/03/2021 03:01;0;1.5;2.9;294;33;32.9;32.9;52.4;1010.9;810.1;810;;;;;;;;;
STA2181;AWS Stamet 745 Kemayoran;-6.155.946;1.068.423;3;01/03/2021 03:02;0;1;1.9;286;33.1;33.1;32.9;53.3;1010.3;1210.5;1248;;;;;;;;;
STA2181;AWS Stamet 745 Kemayoran;-6.155.946;1.068.423;3;01/03/2021 03:03;0;1.8;1.8;240;33.3;33.3;33.1;51;1010.7;1151.2;1329;;;;;;;;;
STA2181;AWS Stamet 745 Kemayoran;-6.155.946;1.068.423;3;01/03/2021 03:04;0;2.3;2.3;189;33.5;33.5;33.3;50.6;1010.7;1062.2;1283;;;;;;;;;
STA2181;AWS Stamet 745 Kemayoran;-6.155.946;1.068.423;3;01/03/2021 03:05;0;1.5;2.8;187;33.8;33.6;33.6;51.2;1010.5;1039.9;1066;;;;;;;;;
STA2181;AWS Stamet 745 Kemayoran;-6.155.946;1.068.423;3;01/03/2021 03:06;0;1.3;1.3;297;33.7;33.7;33.7;51.1;1010.4;639.5;910;;;;;;;;;
STA2181;AWS Stamet 745 Kemayoran;-6.155.946;1.068.423;3;01/03/2021 03:07;0;1.3;2.1;19;33.7;33.6;33.6;52.4;1010.2;704.4;735.9;;;;;;;;;
STA2181;AWS Stamet 745 Kemayoran;-6.155.946;1.068.423;3;01/03/2021 03:08;0;2;2.5;250;33.6;33.5;33.4;52.2;1011.1;884.2;925;;;;;;;;;
STA2181;AWS Stamet 745 Kemayoran;-6.155.946;1.068.423;3;01/03/2021 03:09;0;3.1;3.2;218;33.6;33.6;33.5;51.9;1010.3;884.2;940;;;;;;;;;
STA2181;AWS Stamet 745 Kemayoran;-6.155.946;1.068.423;3;01/03/2021 03:10;0;3.6;4.4;311;33.6;33.4;33.4;51.6;1010.9;854.6;910;;;;;;;;;
STA2181;AWS Stamet 745 Kemayoran;-6.155.946;1.068.423;3;01/03/2021 03:11;0;1.2;3.7;6;33.5;33.1;33.1;52.1;1010.7;1199.4;1299;;;;;;;;;
STA2181;AWS Stamet 745 Kemayoran;-6.155.946;1.068.423;3;01/03/2021 03:12;0;1.5;2.4;205;33.1;33.1;33.1;53.4;1010.4;1062.2;1070;;;;;;;;;
STA2181;AWS Stamet 745 Kemayoran;-6.155.946;1.068.423;3;01/03/2021 03:13;0;2.9;2.9;265;33.5;33.3;33.2;50.8;1010.9;958.4;1227;;;;;;;;;
STA2181;AWS Stamet 745 Kemayoran;-6.155.946;1.068.423;3;01/03/2021 03:14;0;1;3.2;274;33.5;33.5;33.3;52.2;1010.2;750.8;936;;;;;;;;;
STA2181;AWS Stamet 745 Kemayoran;-6.155.946;1.068.423;3;01/03/2021 03:15;0;1.6;2.2;212;33.8;33.8;33.5;51.2;1010.8;743.4;743.4;;;;;;;;;
STA2181;AWS Stamet 745 Kemayoran;-6.155.946;1.068.423;3;01/03/2021 03:16;0;0.6;2.4;85;33.9;33.7;33.7;50.9;1010.4;650.7;773;;;;;;;;;
STA2181;AWS Stamet 745 Kemayoran;-6.155.946;1.068.423;3;01/03/2021 03:17;0;0.7;2;300;33.6;33.5;33.5;50.6;1010.7;613.6;643.3;;;;;;;;;
STA2181;AWS Stamet 745 Kemayoran;-6.155.946;1.068.423;3;01/03/2021 03:18;0;1.4;1.6;295;33.5;33.5;33.5;50.6;1010.9;624.7;624.7;;;;;;;;;
STA2181;AWS Stamet 745 Kemayoran;-6.155.946;1.068.423;3;01/03/2021 03:19;0;0.7;1.6;46;33.6;33.4;33.4;50.1;1010.1;517.2;621;;;;;;;;;
STA2181;AWS Stamet 745 Kemayoran;-6.155.946;1.068.423;3;01/03/2021 03:20;0;1;1.2;86;33.5;33.4;33.4;51.5;1011;444.9;498.7;;;;;;;;;
STA2181;AWS Stamet 745 Kemayoran;-6.155.946;1.068.423;3;01/03/2021 03:21;0;0.8;1;332;33.6;33.6;33.4;51.6;1010.4;443;443;;;;;;;;;
STA2181;AWS Stamet 745 Kemayoran;-6.155.946;1.068.423;3;01/03/2021 03:22;0;1.6;1.6;263;33.5;33.5;33.4;51.8;1011;457.9;457.9;;;;;;;;;
STA2181;AWS Stamet 745 Kemayoran;-6.155.946;1.068.423;3;01/03/2021 03:23;0;0.9;1.4;223;33.5;33.4;33.4;52;1010.5;461.6;461.6;;;;;;;;;
STA2181;AWS Stamet 745 Kemayoran;-6.155.946;1.068.423;3;01/03/2021 03:24;0;2.2;3.4;232;33.4;33.1;33.1;53;1010.8;506.1;506.1;;;;;;;;;
STA2181;AWS Stamet 745 Kemayoran;-6.155.946;1.068.423;3;01/03/2021 03:25;0;2.6;2.9;214;33.1;32.8;32.8;52.4;1010.8;532;532;;;;;;;;;
STA2181;AWS Stamet 745 Kemayoran;-6.155.946;1.068.423;3;01/03/2021 03:26;0;1.2;2;268;32.8;32.7;32.7;53.2;1010.3;524.6;858;;;;;;;;;
STA2181;AWS Stamet 745 Kemayoran;-6.155.946;1.068.423;3;01/03/2021 03:27;0;2.7;2.7;234;33;32.9;32.8;53.6;1011;506.1;515.3;;;;;;;;;
STA2181;AWS Stamet 745 Kemayoran;-6.155.946;1.068.423;3;01/03/2021 03:28;0;0.4;1;220;33.1;33.1;32.9;52.6;1010.2;546.9;554.3;;;;;;;;;
STA2181;AWS Stamet 745 Kemayoran;-6.155.946;1.068.423;3;01/03/2021 03:29;0;0.8;1.4;341;33.1;33.1;33;51.9;1011.2;502.4;532;;;;;;;;;
STA2181;AWS Stamet 745 Kemayoran;-6.155.946;1.068.423;3;01/03/2021 03:30;0;1;1.9;327;33.1;32.9;32.9;52.4;1010.6;506.1;506.1;;;;;;;;;
STA2181;AWS Stamet 745 Kemayoran;-6.155.946;1.068.423;3;01/03/2021 03:31;0;0.7;1.9;264;33;33;32.9;53;1010.8;659.9;659.9;;;;;;;;;
STA2181;AWS Stamet 745 Kemayoran;-6.155.946;1.068.423;3;01/03/2021 03:32;0;2.5;2.5;290;33.1;33.1;32.9;51.9;1010.8;558;1199;;;;;;;;;
STA2181;AWS Stamet 745 Kemayoran;-6.155.946;1.068.423;3;01/03/2021 03:33;0;0.5;3.1;263;33;32.8;32.8;52.5;1010.2;480.1;517.2;;;;;;;;;
STA2181;AWS Stamet 745 Kemayoran;-6.155.946;1.068.423;3;01/03/2021 03:34;0;2.2;2.3;336;32.8;32.7;32.7;53;1010.9;469;487.5;;;;;;;;;
STA2181;AWS Stamet 745 Kemayoran;-6.155.946;1.068.423;3;01/03/2021 03:35;0;1.3;1.6;287;32.8;32.7;32.7;53.2;1010.1;450.5;855;;;;;;;;;
STA2181;AWS Stamet 745 Kemayoran;-6.155.946;1.068.423;3;01/03/2021 03:36;0;1.3;2.5;351;32.8;32.8;32.7;53.7;1010.8;418.9;431.9;;;;;;;;;
STA2181;AWS Stamet 745 Kemayoran;-6.155.946;1.068.423;3;01/03/2021 03:37;0;0.9;1.7;351;32.9;32.9;32.8;54.5;1010.4;398.6;417.1;;;;;;;;;
STA2181;AWS Stamet 745 Kemayoran;-6.155.946;1.068.423;3;01/03/2021 03:38;0;1.9;3.7;285;32.9;32.9;32.9;53.3;1010.5;404.1;404.1;;;;;;;;;
STA2181;AWS Stamet 745 Kemayoran;-6.155.946;1.068.423;3;01/03/2021 03:39;0;1.4;2.2;293;32.8;32.7;32.6;54.6;1010.8;406;406;;;;;;;;;
STA2181;AWS Stamet 745 Kemayoran;-6.155.946;1.068.423;3;01/03/2021 03:40;0;0.9;1.5;245;32.8;32.7;32.7;54.8;1010.4;413.4;413.4;;;;;;;;;
STA2181;AWS Stamet 745 Kemayoran;-6.155.946;1.068.423;3;01/03/2021 03:41;0;1.3;1.4;231;32.9;32.8;32.8;53.8;1010.9;428.2;428.2;;;;;;;;;
STA2181;AWS Stamet 745 Kemayoran;-6.155.946;1.068.423;3;01/03/2021 03:42;0;2.1;3.1;240;33;32.8;32.8;54.3;1010.1;507.9;507.9;;;;;;;;;
STA2181;AWS Stamet 745 Kemayoran;-6.155.946;1.068.423;3;01/03/2021 03:43;0;2.2;3.1;253;32.9;32.8;32.8;54.4;1010.8;556.1;639.5;;;;;;;;;
STA2181;AWS Stamet 745 Kemayoran;-6.155.946;1.068.423;3;01/03/2021 03:44;0;2.1;3.4;213;32.8;32.7;32.7;54.3;1010.4;446.8;524.6;;;;;;;;;
STA2181;AWS Stamet 745 Kemayoran;-6.155.946;1.068.423;3;01/03/2021 03:45;0;2.5;2.7;299;32.8;32.7;32.6;54.7;1010.4;435.6;476.4;;;;;;;;;
STA2181;AWS Stamet 745 Kemayoran;-6.155.946;1.068.423;3;01/03/2021 19:49;7;0;0.7;0;25.3;25.2;25.2;96.6;1009.9;0;0;;;;;;;;;
STA2181;AWS Stamet 745 Kemayoran;-6.155.946;1.068.423;3;01/03/2021 19:50;7;0;0.3;0;25.3;25.3;25.2;96.7;1009.5;0;0;;;;;;;;;
STA2181;AWS Stamet 745 Kemayoran;-6.155.946;1.068.423;3;01/03/2021 19:51;7.2;0;0;0;25.3;25.2;25.2;96.7;1009.3;0;0;;;;;;;;;
STA2181;AWS Stamet 745 Kemayoran;-6.155.946;1.068.423;3;01/03/2021 19:52;7.2;0;0;0;25.3;25.3;25.2;96.8;1009.9;0;0;;;;;;;;;
STA2181;AWS Stamet 745 Kemayoran;-6.155.946;1.068.423;3;01/03/2021 19:53;7.2;0;0;0;25.4;25.3;25.2;96.7;1009.2;0;0;;;;;;;;;
STA2181;AWS Stamet 745 Kemayoran;-6.155.946;1.068.423;3;01/03/2021 19:54;7.2;0;0;0;25.4;25.3;25.2;96.8;1009.3;0;0;;;;;;;;;
STA2181;AWS Stamet 745 Kemayoran;-6.155.946;1.068.423;3;01/03/2021 19:55;7.4;0;0;0;25.3;25.2;25.2;96.8;1009.8;0;0;;;;;;;;;
STA2181;AWS Stamet 745 Kemayoran;-6.155.946;1.068.423;3;01/03/2021 19:56;7.4;0;0;0;25.3;25.2;25.2;96.8;1009;0;0;;;;;;;;;
STA2181;AWS Stamet 745 Kemayoran;-6.155.946;1.068.423;3;01/03/2021 19:57;7.4;0;0;0;25.3;25.2;25.2;96.7;1009.5;0;0;;;;;;;;;
STA2181;AWS Stamet 745 Kemayoran;-6.155.946;1.068.423;3;01/03/2021 19:58;7.4;0;0;0;25.2;25.2;25.1;96.7;1009.5;0;0;;;;;;;;;
STA2181;AWS Stamet 745 Kemayoran;-6.155.946;1.068.423;3;01/03/2021 19:59;7.6;0;0;0;25.1;25.1;25.1;96.7;1009;0;0;;;;;;;;;
STA2181;AWS Stamet 745 Kemayoran;-6.155.946;1.068.423;3;01/03/2021 20:00;7.6;0;0;0;25.2;25.2;25.1;96.7;1009.5;0;0;;;;;;;;;
STA2181;AWS Stamet 745 Kemayoran;-6.155.946;1.068.423;3;01/03/2021 20:01;7.6;0;0;0;25.2;25.1;25.1;96.8;1009.4;0;0;;;;;;;;;
STA2181;AWS Stamet 745 Kemayoran;-6.155.946;1.068.423;3;01/03/2021 20:02;7.6;0;0;0;25.2;25.1;25.1;96.7;1009.1;0;0;;;;;;;;;
STA2181;AWS Stamet 745 Kemayoran;-6.155.946;1.068.423;3;01/03/2021 20:03;7.8;0;0;0;25.2;25.1;25.1;96.7;1009.8;0;0;;;;;;;;;
STA2181;AWS Stamet 745 Kemayoran;-6.155.946;1.068.423;3;01/03/2021 20:04;7.8;0;0;0;25.2;25.1;25.1;96.8;1009.3;0;0;;;;;;;;;
STA2181;AWS Stamet 745 Kemayoran;-6.155.946;1.068.423;3;01/03/2021 20:05;7.8;0;0;0;25.1;25.1;25;96.8;1009.1;0;0;;;;;;;;;
STA2181;AWS Stamet 745 Kemayoran;-6.155.946;1.068.423;3;01/03/2021 20:06;7.8;0;0;0;25.2;25.1;25.1;97;1009.7;0;0;;;;;;;;;
STA2181;AWS Stamet 745 Kemayoran;-6.155.946;1.068.423;3;01/03/2021 20:07;8;0;0;0;25.2;25.1;25.1;97;1009.1;0;0;;;;;;;;;
STA2181;AWS Stamet 745 Kemayoran;-6.155.946;1.068.423;3;01/03/2021 20:08;8;0;0;0;25.2;25.1;25.1;97;1009.3;0;0;;;;;;;;;
STA2181;AWS Stamet 745 Kemayoran;-6.155.946;1.068.423;3;01/03/2021 20:09;8;0;0;0;25.2;25.1;25.1;97.1;1009.6;0;0;;;;;;;;;
STA2181;AWS Stamet 745 Kemayoran;-6.155.946;1.068.423;3;01/03/2021 20:10;8;0;0;0;25.2;25.2;25.1;97.1;1009.2;0;0;;;;;;;;;
STA2181;AWS Stamet 745 Kemayoran;-6.155.946;1.068.423;3;01/03/2021 20:11;8.2;0;0;0;25.2;25.2;25.1;97.1;1009.5;0;0;;;;;;;;;
STA2181;AWS Stamet 745 Kemayoran;-6.155.946;1.068.423;3;01/03/2021 20:12;8.2;0;0;0;25.2;25.2;25.1;97;1009.9;0;0;;;;;;;;;
STA2181;AWS Stamet 745 Kemayoran;-6.155.946;1.068.423;3;01/03/2021 20:13;8.2;0;0;0;25.2;25.1;25.1;97.1;1009.1;0;0;;;;;;;;;
STA2181;AWS Stamet 745 Kemayoran;-6.155.946;1.068.423;3;01/03/2021 20:14;8.2;0;0;0;25.2;25.2;25.1;97.2;1009.7;0;0;;;;;;;;;
STA2181;AWS Stamet 745 Kemayoran;-6.155.946;1.068.423;3;01/03/2021 20:15;8.4;0;0;0;25.3;25.3;25.2;97.4;1009.5;0;0;;;;;;;;;
STA2181;AWS Stamet 745 Kemayoran;-6.155.946;1.068.423;3;01/03/2021 20:16;8.4;0;0;0;25.3;25.2;25.2;97.5;1009;0;0;;;;;;;;;
STA2181;AWS Stamet 745 Kemayoran;-6.155.946;1.068.423;3;01/03/2021 20:17;8.4;0;0;0;25.4;25.2;25.2;97.5;1009.6;0;0;;;;;;;;;
STA2181;AWS Stamet 745 Kemayoran;-6.155.946;1.068.423;3;01/03/2021 20:18;8.4;0;0;0;25.3;25.3;25.2;97.6;1009.3;0;0;;;;;;;;;
STA2181;AWS Stamet 745 Kemayoran;-6.155.946;1.068.423;3;01/03/2021 20:19;8.6;0;0;0;25.4;25.3;25.2;97.6;1009.2;0;0;;;;;;;;;
STA2181;AWS Stamet 745 Kemayoran;-6.155.946;1.068.423;3;01/03/2021 20:20;8.6;0;0;0;25.4;25.2;25.2;97.6;1009.7;0;0;;;;;;;;;
STA2181;AWS Stamet 745 Kemayoran;-6.155.946;1.068.423;3;01/03/2021 20:21;8.6;0;0;0;25.3;25.2;25.2;97.6;1009.1;0;0;;;;;;;;;
STA2181;AWS Stamet 745 Kemayoran;-6.155.946;1.068.423;3;01/03/2021 20:22;8.8;0;0;0;25.3;25.2;25.2;97.6;1009.4;0;0;;;;;;;;;
STA2181;AWS Stamet 745 Kemayoran;-6.155.946;1.068.423;3;01/03/2021 20:23;8.8;0;0;0;25.3;25.3;25.2;97.7;1009.9;0;0;;;;;;;;;
STA2181;AWS Stamet 745 Kemayoran;-6.155.946;1.068.423;3;01/03/2021 20:24;8.8;0;0;0;25.3;25.2;25.2;97.7;1009.1;0;0;;;;;;;;;
STA2181;AWS Stamet 745 Kemayoran;-6.155.946;1.068.423;3;01/03/2021 20:25;9;0;0;0;25.3;25.3;25.2;97.8;1009.5;0;0;;;;;;;;;
STA2181;AWS Stamet 745 Kemayoran;-6.155.946;1.068.423;3;01/03/2021 20:26;9;0;0;0;25.4;25.4;25.3;97.9;1009.5;0;0;;;;;;;;;
STA2181;AWS Stamet 745 Kemayoran;-6.155.946;1.068.423;3;01/03/2021 20:27;9;0;0.6;0;25.4;25.3;25.3;97.9;1008.8;0;0;;;;;;;;;
STA2181;AWS Stamet 745 Kemayoran;-6.155.946;1.068.423;3;01/03/2021 20:28;9.2;0.8;0.8;109;25.4;25.4;25.3;98;1009.6;0;0;;;;;;;;;
STA2181;AWS Stamet 745 Kemayoran;-6.155.946;1.068.423;3;01/03/2021 20:29;9.2;0;0.7;0;25.4;25.4;25.3;97.9;1009.3;0;0;;;;;;;;;
STA2181;AWS Stamet 745 Kemayoran;-6.155.946;1.068.423;3;01/03/2021 20:30;9.2;0;0;0;25.4;25.3;25.2;98;1009.2;0;0;;;;;;;;;
STA2181;AWS Stamet 745 Kemayoran;-6.155.946;1.068.423;3;01/03/2021 20:31;9.4;0;0;0;25.4;25.3;25.3;97.9;1009.7;0;0;;;;;;;;;
STA2181;AWS Stamet 745 Kemayoran;-6.155.946;1.068.423;3;01/03/2021 20:32;9.4;0;0;0;25.3;25.2;25.2;98;1009.3;0;0;;;;;;;;;
STA2181;AWS Stamet 745 Kemayoran;-6.155.946;1.068.423;3;01/03/2021 20:33;9.4;0;0;0;25.4;25.2;25.2;97.9;1009.1;0;0;;;;;;;;;
STA2181;AWS Stamet 745 Kemayoran;-6.155.946;1.068.423;3;01/03/2021 20:34;9.6;0;0;0;25.3;25.2;25.2;98;1009.6;0;0;;;;;;;;;
STA2181;AWS Stamet 745 Kemayoran;-6.155.946;1.068.423;3;01/03/2021 20:35;9.6;0;0;0;25.4;25.3;25.3;98;1009;0;0;;;;;;;;;
STA2181;AWS Stamet 745 Kemayoran;-6.155.946;1.068.423;3;01/03/2021 20:36;9.6;0;0;0;25.3;25.3;25.3;98;1009.3;0;0;;;;;;;;;
STA2181;AWS Stamet 745 Kemayoran;-6.155.946;1.068.423;3;01/03/2021 20:37;9.8;0;0;0;25.4;25.3;25.3;98;1009.6;0;0;;;;;;;;;
STA2181;AWS Stamet 745 Kemayoran;-6.155.946;1.068.423;3;01/03/2021 20:38;9.8;0;0;0;25.3;25.3;25.3;98;1008.8;0;0;;;;;;;;;
STA2181;AWS Stamet 745 Kemayoran;-6.155.946;1.068.423;3;01/03/2021 20:39;9.8;0;0;0;25.4;25.3;25.3;98;1009.6;0;0;;;;;;;;;
STA2181;AWS Stamet 745 Kemayoran;-6.155.946;1.068.423;3;01/03/2021 20:40;9.8;0;0;0;25.3;25.3;25.3;98;1009.4;0;0;;;;;;;;;
STA2181;AWS Stamet 745 Kemayoran;-6.155.946;1.068.423;3;01/03/2021 20:41;10;0;0;0;25.4;25.3;25.3;98;1008.7;0;0;;;;;;;;;
STA2181;AWS Stamet 745 Kemayoran;-6.155.946;1.068.423;3;01/03/2021 20:42;10;0;0;0;25.4;25.3;25.2;98;1009.6;0;0;;;;;;;;;
STA2181;AWS Stamet 745 Kemayoran;-6.155.946;1.068.423;3;01/03/2021 20:43;10;0;0;0;25.3;25.3;25.2;98.1;1009.3;0;0;;;;;;;;;
STA2181;AWS Stamet 745 Kemayoran;-6.155.946;1.068.423;3;01/03/2021 20:44;10.2;0;0;0;25.4;25.3;25.3;98;1008.9;0;0;;;;;;;;;
STA2181;AWS Stamet 745 Kemayoran;-6.155.946;1.068.423;3;01/03/2021 20:45;10.2;0;0;0;25.4;25.4;25.3;98.1;1009.5;0;0;;;;;;;;;
STA2181;AWS Stamet 745 Kemayoran;-6.155.946;1.068.423;3;01/03/2021 20:46;10.2;0;0;0;25.5;25.3;25.3;98;1009.1;0;0;;;;;;;;;
STA2181;AWS Stamet 745 Kemayoran;-6.155.946;1.068.423;3;01/03/2021 20:47;10.2;0;0;0;25.4;25.4;25.2;98.1;1008.9;0;0;;;;;;;;;
STA2181;AWS Stamet 745 Kemayoran;-6.155.946;1.068.423;3;01/03/2021 20:48;10.4;0;0;0;25.4;25.4;25.3;98.2;1009.4;0;0;;;;;;;;;
STA2181;AWS Stamet 745 Kemayoran;-6.155.946;1.068.423;3;01/03/2021 20:49;10.4;0;0;0;25.4;25.4;25.3;98.2;1008.6;0;0;;;;;;;;;
STA2181;AWS Stamet 745 Kemayoran;-6.155.946;1.068.423;3;01/03/2021 20:50;10.4;0;0;0;25.5;25.5;25.3;98.4;1009.1;0;0;;;;;;;;;
STA2181;AWS Stamet 745 Kemayoran;-6.155.946;1.068.423;3;01/03/2021 20:51;10.4;0;0;0;25.5;25.5;25.5;98.4;1009.4;0;0;;;;;;;;;
STA2181;AWS Stamet 745 Kemayoran;-6.155.946;1.068.423;3;01/03/2021 20:52;10.6;0;0;0;25.5;25.5;25.4;98.4;1008.7;0;0;;;;;;;;;
STA2181;AWS Stamet 745 Kemayoran;-6.155.946;1.068.423;3;01/03/2021 20:53;10.6;0;0;0;25.5;25.4;25.4;98.4;1009.5;0;0;;;;;;;;;
STA2181;AWS Stamet 745 Kemayoran;-6.155.946;1.068.423;3;01/03/2021 20:54;10.6;0;0;0;25.5;25.4;25.3;98.3;1009.3;0;0;;;;;;;;;
STA2181;AWS Stamet 745 Kemayoran;-6.155.946;1.068.423;3;01/03/2021 20:55;10.8;0;0;0;25.4;25.4;25.4;98.4;1009.1;0;0;;;;;;;;;
STA2181;AWS Stamet 745 Kemayoran;-6.155.946;1.068.423;3;01/03/2021 20:56;10.8;0;0;0;25.5;25.3;25.3;98.3;1009.6;0;0;;;;;;;;;
STA2181;AWS Stamet 745 Kemayoran;-6.155.946;1.068.423;3;01/03/2021 20:57;10.8;0;0;0;25.4;25.4;25.3;98.4;1009.2;0;0;;;;;;;;;
STA2181;AWS Stamet 745 Kemayoran;-6.155.946;1.068.423;3;01/03/2021 20:58;10.8;0;0;0;25.4;25.4;25.4;98.5;1009.2;0;0;;;;;;;;;
STA2181;AWS Stamet 745 Kemayoran;-6.155.946;1.068.423;3;01/03/2021 20:59;11;0.9;0.9;114;25.4;25.4;25.3;98.5;1009.6;0;0;;;;;;;;;
STA2181;AWS Stamet 745 Kemayoran;-6.155.946;1.068.423;3;01/03/2021 21:00;11;0.7;0.9;129;25.4;25.4;25.3;98.4;1009.1;0;0;;;;;;;;;
STA2181;AWS Stamet 745 Kemayoran;-6.155.946;1.068.423;3;01/03/2021 21:01;11;0.5;0.9;136;25.5;25.5;25.4;98.5;1009.2;0;0;;;;;;;;;
STA2181;AWS Stamet 745 Kemayoran;-6.155.946;1.068.423;3;01/03/2021 21:02;11;0;0.8;0;25.5;25.4;25.4;98.5;1009.8;0;0;;;;;;;;;
STA2181;AWS Stamet 745 Kemayoran;-6.155.946;1.068.423;3;01/03/2021 21:03;11.2;0;0.6;0;25.5;25.4;25.4;98.5;1009;0;0;;;;;;;;;
STA2181;AWS Stamet 745 Kemayoran;-6.155.946;1.068.423;3;01/03/2021 21:04;11.2;1;1;120;25.5;25.4;25.4;98.4;1009.5;0;0;;;;;;;;;
STA2181;AWS Stamet 745 Kemayoran;-6.155.946;1.068.423;3;01/03/2021 21:05;11.2;0;1.4;0;25.4;25.3;25.3;98.4;1009.5;0;0;;;;;;;;;
STA2181;AWS Stamet 745 Kemayoran;-6.155.946;1.068.423;3;01/03/2021 21:06;11.4;1;1.4;81;25.4;25.3;25.3;98.5;1008.9;0;0;;;;;;;;;
STA2181;AWS Stamet 745 Kemayoran;-6.155.946;1.068.423;3;01/03/2021 21:07;11.4;1.3;1.7;124;25.4;25.3;25.2;98.4;1009.6;0;0;;;;;;;;;
STA2181;AWS Stamet 745 Kemayoran;-6.155.946;1.068.423;3;01/03/2021 21:08;11.4;1.5;1.5;89;25.3;25.2;25.2;98.4;1009.5;0;0;;;;;;;;;
STA2181;AWS Stamet 745 Kemayoran;-6.155.946;1.068.423;3;01/03/2021 21:09;11.4;0.7;1.3;120;25.2;25.2;25;98.3;1009;0;0;;;;;;;;;
STA2181;AWS Stamet 745 Kemayoran;-6.155.946;1.068.423;3;01/03/2021 21:10;11.6;1.7;1.8;127;25.2;25.2;25.2;98.3;1009.6;0;0;;;;;;;;;
STA2181;AWS Stamet 745 Kemayoran;-6.155.946;1.068.423;3;01/03/2021 21:11;11.6;1.3;1.7;161;25.3;25.2;25.1;98.2;1009.4;0;0;;;;;;;;;
STA2181;AWS Stamet 745 Kemayoran;-6.155.946;1.068.423;3;01/03/2021 21:12;11.6;0;0.5;0;25.3;25.2;25.2;98;1009.3;0;0;;;;;;;;;
STA2181;AWS Stamet 745 Kemayoran;-6.155.946;1.068.423;3;01/03/2021 21:13;11.6;0;0;0;25.2;25.2;25.1;98;1009.6;0;0;;;;;;;;;
STA2181;AWS Stamet 745 Kemayoran;-6.155.946;1.068.423;3;01/03/2021 21:14;11.8;0.9;1;148;25.2;25.2;25.2;97.8;1009.4;0;0;;;;;;;;;
STA2181;AWS Stamet 745 Kemayoran;-6.155.946;1.068.423;3;01/03/2021 21:15;11.8;0;1.3;0;25.2;25.2;25.2;97.8;1009.4;0;0;;;;;;;;;
STA2181;AWS Stamet 745 Kemayoran;-6.155.946;1.068.423;3;01/03/2021 21:16;11.8;0;0.9;0;25.3;25.2;25.2;97.7;1009.7;0;0;;;;;;;;;
STA2181;AWS Stamet 745 Kemayoran;-6.155.946;1.068.423;3;01/03/2021 21:17;11.8;1.3;1.6;99;25.3;25.2;25.2;97.7;1009;0;0;;;;;;;;;
STA2181;AWS Stamet 745 Kemayoran;-6.155.946;1.068.423;3;01/03/2021 21:18;12;0.4;1.4;81;25.3;25.2;25.2;97.7;1009.6;0;0;;;;;;;;;
STA2181;AWS Stamet 745 Kemayoran;-6.155.946;1.068.423;3;01/03/2021 21:19;12;0;1.1;0;25.2;25.2;25.2;97.6;1009.4;0;0;;;;;;;;;
STA2181;AWS Stamet 745 Kemayoran;-6.155.946;1.068.423;3;01/03/2021 21:20;12;0.5;1.3;79;25.3;25.2;25.2;97.6;1009;0;0;;;;;;;;;
STA2181;AWS Stamet 745 Kemayoran;-6.155.946;1.068.423;3;01/03/2021 21:21;12;0;1.1;0;25.3;25.2;25.2;97.4;1009.8;0;0;;;;;;;;;
STA2181;AWS Stamet 745 Kemayoran;-6.155.946;1.068.423;3;01/03/2021 21:22;12.2;0;0;0;25.3;25.2;25.1;97.4;1009.4;0;0;;;;;;;;;
STA2181;AWS Stamet 745 Kemayoran;-6.155.946;1.068.423;3;01/03/2021 21:23;12.2;0.3;0.3;138;25.3;25.3;25.2;97.4;1009.1;0;0;;;;;;;;;
STA2181;AWS Stamet 745 Kemayoran;-6.155.946;1.068.423;3;01/03/2021 21:24;12.2;0;0.5;0;25.3;25.2;25.2;97.2;1009.8;0;0;;;;;;;;;
STA2181;AWS Stamet 745 Kemayoran;-6.155.946;1.068.423;3;01/03/2021 21:25;12.2;0;0;0;25.3;25.2;25.2;97.1;1009.1;0;0;;;;;;;;;
STA2181;AWS Stamet 745 Kemayoran;-6.155.946;1.068.423;3;01/03/2021 21:26;12.2;0;0;0;25.3;25.2;25.2;97.1;1009.4;0;0;;;;;;;;;
STA2181;AWS Stamet 745 Kemayoran;-6.155.946;1.068.423;3;01/03/2021 21:27;12.4;0.4;0.4;142;25.3;25.3;25.2;97;1009.8;0;0;;;;;;;;;
STA2181;AWS Stamet 745 Kemayoran;-6.155.946;1.068.423;3;01/03/2021 21:28;12.4;0;0.4;0;25.3;25.3;25.2;96.9;1009;0;0;;;;;;;;;
STA2181;AWS Stamet 745 Kemayoran;-6.155.946;1.068.423;3;01/03/2021 21:29;12.4;0.3;0.7;117;25.3;25.3;25.2;96.8;1009.5;0;0;;;;;;;;;
STA2181;AWS Stamet 745 Kemayoran;-6.155.946;1.068.423;3;01/03/2021 21:30;12.4;0.9;1;132;25.4;25.4;25.3;96.8;1009.8;0;0;;;;;;;;;
STA2181;AWS Stamet 745 Kemayoran;-6.155.946;1.068.423;3;01/03/2021 21:31;12.4;0;1;0;25.4;25.3;25.3;96.6;1009;0;0;;;;;;;;;
STA2181;AWS Stamet 745 Kemayoran;-6.155.946;1.068.423;3;01/03/2021 21:32;12.4;0;0;0;25.4;25.3;25.3;96.4;1009.8;0;0;;;;;;;;;
STA2181;AWS Stamet 745 Kemayoran;-6.155.946;1.068.423;3;01/03/2021 21:33;12.6;0;0;0;25.4;25.4;25.3;96.2;1009.5;0;0;;;;;;;;;
STA2181;AWS Stamet 745 Kemayoran;-6.155.946;1.068.423;3;01/03/2021 21:34;12.6;0;0;0;25.5;25.4;25.4;96.1;1009.3;0;0;;;;;;;;;
STA2181;AWS Stamet 745 Kemayoran;-6.155.946;1.068.423;3;01/03/2021 21:35;12.6;0;0;0;25.5;25.5;25.4;96;1009.9;0;0;;;;;;;;;
STA2181;AWS Stamet 745 Kemayoran;-6.155.946;1.068.423;3;01/03/2021 21:36;12.6;0.8;0.8;310;25.6;25.6;25.5;95.8;1009.8;0;0;;;;;;;;;
STA2181;AWS Stamet 745 Kemayoran;-6.155.946;1.068.423;3;01/03/2021 21:37;12.6;1.2;1.5;304;25.6;25.5;25.5;95.5;1009.3;0;0;;;;;;;;;
STA2181;AWS Stamet 745 Kemayoran;-6.155.946;1.068.423;3;01/03/2021 21:38;12.6;1.9;2.4;319;25.6;25.6;25.5;95.1;1010.1;0;0;;;;;;;;;
STA2181;AWS Stamet 745 Kemayoran;-6.155.946;1.068.423;3;01/03/2021 21:39;12.8;1.6;2;279;25.7;25.6;25.6;94.9;1009.4;0;0;;;;;;;;;
STA2181;AWS Stamet 745 Kemayoran;-6.155.946;1.068.423;3;01/03/2021 21:40;12.8;1.4;1.7;286;25.7;25.7;25.6;94.6;1009.8;0;0;;;;;;;;;
STA2181;AWS Stamet 745 Kemayoran;-6.155.946;1.068.423;3;01/03/2021 21:41;12.8;1;2.2;282;25.8;25.8;25.7;94.5;1010.1;0;0;;;;;;;;;
STA2181;AWS Stamet 745 Kemayoran;-6.155.946;1.068.423;3;01/03/2021 21:42;12.8;1.3;2.8;292;25.7;25.7;25.7;94.4;1009.3;0;0;;;;;;;;;
STA2181;AWS Stamet 745 Kemayoran;-6.155.946;1.068.423;3;01/03/2021 21:43;12.8;0;1.6;0;25.8;25.8;25.7;94.3;1010.3;0;0;;;;;;;;;
STA2181;AWS Stamet 745 Kemayoran;-6.155.946;1.068.423;3;01/03/2021 21:44;12.8;0;0;0;25.9;25.8;25.7;94.4;1010.1;0;0;;;;;;;;;
STA2181;AWS Stamet 745 Kemayoran;-6.155.946;1.068.423;3;01/03/2021 21:45;13;0;1;0;25.9;25.8;25.8;94.3;1009.4;0;0;;;;;;;;;
STA2181;AWS Stamet 745 Kemayoran;-6.155.946;1.068.423;3;01/03/2021 21:46;13;0.4;0.7;194;25.9;25.8;25.8;94.4;1009.9;0;0;;;;;;;;;
STA2181;AWS Stamet 745 Kemayoran;-6.155.946;1.068.423;3;01/03/2021 21:47;13;0.7;1;184;25.9;25.8;25.8;94.3;1010;0;0;;;;;;;;;
STA2181;AWS Stamet 745 Kemayoran;-6.155.946;1.068.423;3;01/03/2021 21:48;13;1;1.2;135;25.9;25.9;25.8;94.5;1009.5;0;0;;;;;;;;;
STA2181;AWS Stamet 745 Kemayoran;-6.155.946;1.068.423;3;01/03/2021 21:49;13;1;1;119;25.8;25.8;25.8;94.4;1010.1;0;0;;;;;;;;;
STA2181;AWS Stamet 745 Kemayoran;-6.155.946;1.068.423;3;01/03/2021 21:50;13;0;0.5;0;25.8;25.8;25.8;94.7;1009.6;0;0;;;;;;;;;
STA2181;AWS Stamet 745 Kemayoran;-6.155.946;1.068.423;3;01/03/2021 21:51;13;0;0;0;25.8;25.8;25.8;94.8;1009.8;0;0;;;;;;;;;
STA2181;AWS Stamet 745 Kemayoran;-6.155.946;1.068.423;3;01/03/2021 21:52;13.2;0;0;0;25.9;25.8;25.8;94.9;1010.1;0;0;;;;;;;;;
STA2181;AWS Stamet 745 Kemayoran;-6.155.946;1.068.423;3;01/03/2021 21:53;13.2;0.3;0.3;221;25.9;25.8;25.8;94.9;1009.4;0;0;;;;;;;;;
STA2181;AWS Stamet 745 Kemayoran;-6.155.946;1.068.423;3;01/03/2021 21:54;13.2;0;0;0;25.8;25.8;25.7;94.9;1010.2;0;0;;;;;;;;;
STA2181;AWS Stamet 745 Kemayoran;-6.155.946;1.068.423;3;01/03/2021 21:55;13.2;0;0;0;25.8;25.7;25.7;94.9;1010.1;0;0;;;;;;;;;
STA2181;AWS Stamet 745 Kemayoran;-6.155.946;1.068.423;3;01/03/2021 21:56;13.2;0;0;0;25.8;25.6;25.6;95;1009.4;0;0;;;;;;;;;
STA2181;AWS Stamet 745 Kemayoran;-6.155.946;1.068.423;3;01/03/2021 21:57;13.2;0;0;0;25.7;25.6;25.6;95;1010.2;0;0;;;;;;;;;
STA2181;AWS Stamet 745 Kemayoran;-6.155.946;1.068.423;3;01/03/2021 21:58;13.4;0;0;0;25.7;25.7;25.6;95.2;1009.9;0;0;;;;;;;;;
STA2181;AWS Stamet 745 Kemayoran;-6.155.946;1.068.423;3;01/03/2021 21:59;13.4;0;0;0;25.7;25.6;25.6;95.4;1009.4;0;0;;;;;;;;;
STA2181;AWS Stamet 745 Kemayoran;-6.155.946;1.068.423;3;01/03/2021 22:00;13.4;0;0;0;25.7;25.6;25.6;95.5;1010.3;0;0;;;;;;;;;
STA2181;AWS Stamet 745 Kemayoran;-6.155.946;1.068.423;3;01/03/2021 22:01;13.4;0;0;0;25.7;25.6;25.5;95.4;1009.8;0;0;;;;;;;;;
STA2181;AWS Stamet 745 Kemayoran;-6.155.946;1.068.423;3;01/03/2021 22:02;13.4;0;0;0;25.6;25.6;25.5;95.4;1009.9;0;0;;;;;;;;;
STA2181;AWS Stamet 745 Kemayoran;-6.155.946;1.068.423;3;01/03/2021 22:03;13.4;0;0;0;25.6;25.5;25.5;95.4;1010.5;0;0;;;;;;;;;
STA2181;AWS Stamet 745 Kemayoran;-6.155.946;1.068.423;3;01/03/2021 22:04;13.6;0;0;0;25.6;25.6;25.5;95.6;1009.7;0;0;;;;;;;;;
STA2181;AWS Stamet 745 Kemayoran;-6.155.946;1.068.423;3;01/03/2021 22:05;13.6;0;0.3;0;25.7;25.6;25.5;95.7;1010.1;0;0;;;;;;;;;
STA2181;AWS Stamet 745 Kemayoran;-6.155.946;1.068.423;3;01/03/2021 22:06;13.6;0;0;0;25.7;25.6;25.6;95.7;1010.3;0;0;;;;;;;;;
STA2181;AWS Stamet 745 Kemayoran;-6.155.946;1.068.423;3;01/03/2021 22:07;13.6;0;0;0;25.7;25.6;25.6;95.8;1009.6;0;0;;;;;;;;;
STA2181;AWS Stamet 745 Kemayoran;-6.155.946;1.068.423;3;01/03/2021 22:08;13.6;0;0;0;25.6;25.6;25.6;95.8;1010.2;0;0;;;;;;;;;
STA2181;AWS Stamet 745 Kemayoran;-6.155.946;1.068.423;3;01/03/2021 22:09;13.6;0;0;0;25.7;25.6;25.6;95.9;1010;0;0;;;;;;;;;
STA2181;AWS Stamet 745 Kemayoran;-6.155.946;1.068.423;3;01/03/2021 22:10;13.6;0;0;0;25.7;25.6;25.6;96;1009.7;0;0;;;;;;;;;
STA2181;AWS Stamet 745 Kemayoran;-6.155.946;1.068.423;3;01/03/2021 22:11;13.8;0;0;0;25.7;25.6;25.6;95.9;1010.4;0;0;;;;;;;;;
STA2181;AWS Stamet 745 Kemayoran;-6.155.946;1.068.423;3;01/03/2021 22:12;13.8;0;0;0;25.7;25.7;25.6;96;1009.9;0;0;;;;;;;;;
STA2181;AWS Stamet 745 Kemayoran;-6.155.946;1.068.423;3;01/03/2021 22:13;13.8;0;0;0;25.8;25.7;25.7;96.1;1009.8;0;0;;;;;;;;;
STA2181;AWS Stamet 745 Kemayoran;-6.155.946;1.068.423;3;01/03/2021 22:14;13.8;0.5;0.5;101;25.8;25.6;25.6;96;1010.4;0;0;;;;;;;;;
STA2181;AWS Stamet 745 Kemayoran;-6.155.946;1.068.423;3;01/03/2021 22:15;13.8;0;0.3;0;25.7;25.6;25.6;96.1;1009.6;0;0;;;;;;;;;
STA2181;AWS Stamet 745 Kemayoran;-6.155.946;1.068.423;3;01/03/2021 22:16;13.8;0;0;0;25.7;25.7;25.6;96.2;1010;0;0;;;;;;;;;
STA2181;AWS Stamet 745 Kemayoran;-6.155.946;1.068.423;3;01/03/2021 22:17;13.8;0;0;0;25.7;25.7;25.7;96.2;1010.3;0;0;;;;;;;;;
STA2181;AWS Stamet 745 Kemayoran;-6.155.946;1.068.423;3;01/03/2021 22:18;14;0;0;0;25.8;25.7;25.7;96.3;1009.8;0;0;;;;;;;;;
STA2181;AWS Stamet 745 Kemayoran;-6.155.946;1.068.423;3;01/03/2021 22:19;14;0;0;0;25.8;25.7;25.7;96.2;1010.4;0;0;;;;;;;;;
STA2181;AWS Stamet 745 Kemayoran;-6.155.946;1.068.423;3;01/03/2021 22:20;14;0;0;0;25.8;25.8;25.7;96.3;1010.3;0;0;;;;;;;;;
STA2181;AWS Stamet 745 Kemayoran;-6.155.946;1.068.423;3;01/03/2021 22:21;14;0;0;0;25.8;25.8;25.7;96.4;1009.8;0;0;;;;;;;;;
STA2181;AWS Stamet 745 Kemayoran;-6.155.946;1.068.423;3;01/03/2021 22:22;14;0;0;0;25.8;25.7;25.7;96.3;1010.7;0;0;;;;;;;;;
STA2181;AWS Stamet 745 Kemayoran;-6.155.946;1.068.423;3;01/03/2021 22:23;14;0;0;0;25.8;25.7;25.7;96.5;1010.4;0;0;;;;;;;;;
STA2181;AWS Stamet 745 Kemayoran;-6.155.946;1.068.423;3;01/03/2021 22:24;14;0;0;0;25.8;25.7;25.7;96.5;1009.9;0;0;;;;;;;;;
STA2181;AWS Stamet 745 Kemayoran;-6.155.946;1.068.423;3;01/03/2021 22:25;14.2;0;0;0;25.8;25.7;25.7;96.5;1010.6;0;0;;;;;;;;;
STA2181;AWS Stamet 745 Kemayoran;-6.155.946;1.068.423;3;01/03/2021 22:26;14.2;0;0.7;0;25.7;25.7;25.6;96.4;1010.1;0;0;;;;;;;;;
STA2181;AWS Stamet 745 Kemayoran;-6.155.946;1.068.423;3;01/03/2021 22:27;14.2;0;0.7;0;25.7;25.7;25.6;96.4;1010.4;0;0;;;;;;;;;
STA2181;AWS Stamet 745 Kemayoran;-6.155.946;1.068.423;3;01/03/2021 22:28;14.2;0.5;1;7;25.8;25.7;25.6;96.5;1010.7;0;0;;;;;;;;;
STA2181;AWS Stamet 745 Kemayoran;-6.155.946;1.068.423;3;01/03/2021 22:29;14.2;0;0.3;0;25.8;25.7;25.7;96.3;1010;0;0;;;;;;;;;
STA2181;AWS Stamet 745 Kemayoran;-6.155.946;1.068.423;3;01/03/2021 22:30;14.2;0;0;0;25.8;25.7;25.7;96.3;1010.6;0;0;;;;;;;;;
STA2181;AWS Stamet 745 Kemayoran;-6.155.946;1.068.423;3;01/03/2021 22:31;14.2;0;0;0;25.8;25.8;25.7;96.3;1010.6;0;0;;;;;;;;;
STA2181;AWS Stamet 745 Kemayoran;-6.155.946;1.068.423;3;01/03/2021 22:32;14.2;0;0;0;25.8;25.7;25.7;96.3;1010;0;0;;;;;;;;;
STA2181;AWS Stamet 745 Kemayoran;-6.155.946;1.068.423;3;01/03/2021 22:33;14.4;0;0.3;0;25.8;25.7;25.7;96.3;1010.6;0;0;;;;;;;;;
STA2181;AWS Stamet 745 Kemayoran;-6.155.946;1.068.423;3;01/03/2021 22:34;14.4;0.5;0.7;324;25.8;25.7;25.7;96.3;1010.5;0;0;;;;;;;;;
STA2181;AWS Stamet 745 Kemayoran;-6.155.946;1.068.423;3;01/03/2021 22:35;14.4;0;0;0;25.8;25.8;25.7;96.3;1009.9;0;0;;;;;;;;;
STA2181;AWS Stamet 745 Kemayoran;-6.155.946;1.068.423;3;01/03/2021 22:36;14.4;0.4;0.4;276;25.8;25.8;25.7;96.4;1010.7;0;0;;;;;;;;;
STA2181;AWS Stamet 745 Kemayoran;-6.155.946;1.068.423;3;01/03/2021 22:37;14.4;0.5;0.5;293;25.8;25.8;25.8;96.5;1010.3;0;0;;;;;;;;;
STA2181;AWS Stamet 745 Kemayoran;-6.155.946;1.068.423;3;01/03/2021 22:38;14.4;1.3;1.6;293;25.9;25.9;25.8;96.5;1010.2;0;0;;;;;;;;;
STA2181;AWS Stamet 745 Kemayoran;-6.155.946;1.068.423;3;01/03/2021 22:39;14.4;1.3;1.3;293;25.9;25.9;25.9;96.5;1010.7;0;0;;;;;;;;;
STA2181;AWS Stamet 745 Kemayoran;-6.155.946;1.068.423;3;01/03/2021 22:40;14.6;2.1;2.4;272;25.9;25.9;25.9;96.5;1010.3;0;0;;;;;;;;;
STA2181;AWS Stamet 745 Kemayoran;-6.155.946;1.068.423;3;01/03/2021 22:41;14.6;2.1;2.1;317;26;25.9;25.9;96.4;1010.4;0;0;;;;;;;;;
STA2181;AWS Stamet 745 Kemayoran;-6.155.946;1.068.423;3;01/03/2021 22:42;14.6;2.8;2.8;279;26;26;25.9;96.4;1010.7;0;0;;;;;;;;;
STA2181;AWS Stamet 745 Kemayoran;-6.155.946;1.068.423;3;01/03/2021 22:43;14.6;2.9;2.9;298;26;26;26;96.4;1010.1;0;0;;;;;;;;;
STA2181;AWS Stamet 745 Kemayoran;-6.155.946;1.068.423;3;01/03/2021 22:44;14.6;1.3;4.1;235;26.1;25.9;25.9;95.9;1010.8;0;0;;;;;;;;;
STA2181;AWS Stamet 745 Kemayoran;-6.155.946;1.068.423;3;01/03/2021 22:45;14.6;4.9;5.7;301;25.9;25.6;25.6;95;1010.8;0;1.9;;;;;;;;;
STA2181;AWS Stamet 745 Kemayoran;-6.155.946;1.068.423;3;01/03/2021 22:46;14.6;1.9;3.8;331;25.6;25.5;25.5;94.4;1010.3;0;0;;;;;;;;;
STA2181;AWS Stamet 745 Kemayoran;-6.155.946;1.068.423;3;01/03/2021 22:47;14.6;2.9;3.6;299;25.6;25.6;25.6;94.2;1011.1;0;0;;;;;;;;;
STA2181;AWS Stamet 745 Kemayoran;-6.155.946;1.068.423;3;01/03/2021 22:48;14.8;3.1;4.9;268;25.7;25.4;25.4;93.5;1011;0;0;;;;;;;;;
STA2181;AWS Stamet 745 Kemayoran;-6.155.946;1.068.423;3;01/03/2021 22:49;14.8;2.9;3.9;318;25.4;25.2;25.2;92.6;1010.8;1.9;1.9;;;;;;;;;
STA2181;AWS Stamet 745 Kemayoran;-6.155.946;1.068.423;3;01/03/2021 22:50;14.8;4.7;4.7;311;25.2;25.1;25;91.2;1011.3;0;1.9;;;;;;;;;
STA2181;AWS Stamet 745 Kemayoran;-6.155.946;1.068.423;3;01/03/2021 22:51;14.8;2.2;4;299;25;25;25;90.5;1010.9;0;0;;;;;;;;;
STA2181;AWS Stamet 745 Kemayoran;-6.155.946;1.068.423;3;01/03/2021 22:52;14.8;2.8;4;340;25.1;25.1;25;89.9;1011.1;0;0;;;;;;;;;
STA2181;AWS Stamet 745 Kemayoran;-6.155.946;1.068.423;3;01/03/2021 22:53;14.8;1.5;2.4;330;25.1;25;25;89.4;1011.1;0;0;;;;;;;;;
STA2181;AWS Stamet 745 Kemayoran;-6.155.946;1.068.423;3;01/03/2021 22:54;14.8;2;2.2;300;25.1;25;25;88.6;1010.8;0;0;;;;;;;;;
STA2181;AWS Stamet 745 Kemayoran;-6.155.946;1.068.423;3;01/03/2021 22:55;15;1.8;2;303;25.1;25;25;87.4;1011.1;0;0;;;;;;;;;
STA2181;AWS Stamet 745 Kemayoran;-6.155.946;1.068.423;3;01/03/2021 22:56;15;2;2.7;334;25;25;25;87;1011.6;0;0;;;;;;;;;
STA2181;AWS Stamet 745 Kemayoran;-6.155.946;1.068.423;3;01/03/2021 22:57;15;1.6;2.8;295;25;25;24.9;86.9;1010.7;0;0;;;;;;;;;
STA2181;AWS Stamet 745 Kemayoran;-6.155.946;1.068.423;3;01/03/2021 22:58;15;3.1;3.1;282;25;24.9;24.9;87.1;1011.5;0;0;;;;;;;;;
STA2181;AWS Stamet 745 Kemayoran;-6.155.946;1.068.423;3;01/03/2021 22:59;15;1;2.5;306;24.9;24.7;24.7;87.4;1011.4;0;0;;;;;;;;;
STA2181;AWS Stamet 745 Kemayoran;-6.155.946;1.068.423;3;01/03/2021 23:00;15;2.3;2.5;289;24.8;24.7;24.7;88.3;1010.8;0;0;;;;;;;;;
STA2181;AWS Stamet 745 Kemayoran;-6.155.946;1.068.423;3;01/03/2021 23:01;15;1.2;2.7;322;24.8;24.7;24.7;89;1011.6;1.9;1.9;;;;;;;;;
STA2181;AWS Stamet 745 Kemayoran;-6.155.946;1.068.423;3;01/03/2021 23:02;15;0.3;0.7;304;24.8;24.6;24.6;89.4;1011.2;3.7;3.7;;;;;;;;;
STA2181;AWS Stamet 745 Kemayoran;-6.155.946;1.068.423;3;01/03/2021 23:03;15;1;1.5;321;24.7;24.7;24.6;89.8;1011.1;3.7;3.7;;;;;;;;;
STA2181;AWS Stamet 745 Kemayoran;-6.155.946;1.068.423;3;01/03/2021 23:04;15.2;0;1;0;24.7;24.6;24.6;90.3;1011.3;3.7;3.7;;;;;;;;;
STA2181;AWS Stamet 745 Kemayoran;-6.155.946;1.068.423;3;01/03/2021 23:05;15.2;1.1;1.2;276;24.6;24.6;24.6;90.7;1010.8;3.7;3.7;;;;;;;;;
STA2181;AWS Stamet 745 Kemayoran;-6.155.946;1.068.423;3;01/03/2021 23:06;15.2;1.6;1.8;316;24.6;24.5;24.5;91;1011;7.4;7.4;;;;;;;;;
STA2181;AWS Stamet 745 Kemayoran;-6.155.946;1.068.423;3;01/03/2021 23:07;15.2;1.7;2.2;209;24.6;24.5;24.4;91;1011.4;7.4;7.4;;;;;;;;;
STA2181;AWS Stamet 745 Kemayoran;-6.155.946;1.068.423;3;01/03/2021 23:08;15.2;1.8;1.9;298;24.5;24.4;24.4;91;1010.6;7.4;7.4;;;;;;;;;
STA2181;AWS Stamet 745 Kemayoran;-6.155.946;1.068.423;3;01/03/2021 23:09;15.2;0.9;2.5;261;24.5;24.5;24.3;91;1011.2;7.4;7.4;;;;;;;;;
STA2181;AWS Stamet 745 Kemayoran;-6.155.946;1.068.423;3;01/03/2021 23:10;15.2;0;1;0;24.6;24.5;24.4;91.1;1011.2;7.4;7.4;;;;;;;;;
STA2181;AWS Stamet 745 Kemayoran;-6.155.946;1.068.423;3;01/03/2021 23:11;15.2;1.6;1.6;294;24.6;24.5;24.5;91;1010.8;7.4;7.4;;;;;;;;;
STA2181;AWS Stamet 745 Kemayoran;-6.155.946;1.068.423;3;01/03/2021 23:12;15.2;1;1.4;0;24.5;24.5;24.4;90.9;1011.3;7.4;9.3;;;;;;;;;
STA2181;AWS Stamet 745 Kemayoran;-6.155.946;1.068.423;3;01/03/2021 23:13;15.2;0;0.9;0;24.5;24.4;24.4;90.9;1011;11.1;11.1;;;;;;;;;
STA2181;AWS Stamet 745 Kemayoran;-6.155.946;1.068.423;3;01/03/2021 23:14;15.4;1.8;1.8;298;24.5;24.5;24.4;91.1;1010.7;11.1;11.1;;;;;;;;;
STA2181;AWS Stamet 745 Kemayoran;-6.155.946;1.068.423;3;01/03/2021 23:15;15.4;1;1.4;331;24.6;24.6;24.5;91.5;1011.5;11.1;11.1;;;;;;;;;
STA2181;AWS Stamet 745 Kemayoran;-6.155.946;1.068.423;3;01/03/2021 23:16;15.4;0.3;1.2;309;24.6;24.5;24.5;91.7;1011.1;11.1;11.1;;;;;;;;;
STA2181;AWS Stamet 745 Kemayoran;-6.155.946;1.068.423;3;01/03/2021 23:17;15.4;1.8;1.8;315;24.6;24.6;24.5;91.9;1011;11.1;11.1;;;;;;;;;
STA2181;AWS Stamet 745 Kemayoran;-6.155.946;1.068.423;3;01/03/2021 23:18;15.4;2.1;2.5;296;24.6;24.5;24.5;92;1011.6;11.1;11.1;;;;;;;;;
STA2181;AWS Stamet 745 Kemayoran;-6.155.946;1.068.423;3;01/03/2021 23:19;15.4;1.4;2.1;300;24.5;24.5;24.5;91.8;1011.1;11.1;11.1;;;;;;;;;
STA2181;AWS Stamet 745 Kemayoran;-6.155.946;1.068.423;3;01/03/2021 23:20;15.4;1.4;2;308;24.6;24.5;24.5;91.7;1011.7;9.3;11.1;;;;;;;;;
STA2181;AWS Stamet 745 Kemayoran;-6.155.946;1.068.423;3;01/03/2021 23:21;15.4;1;1.4;287;24.6;24.6;24.5;91.8;1011.9;7.4;9.3;;;;;;;;;
STA2181;AWS Stamet 745 Kemayoran;-6.155.946;1.068.423;3;01/03/2021 23:22;15.4;0;1.1;0;24.7;24.7;24.5;91.8;1011.2;7.4;7.4;;;;;;;;;
STA2181;AWS Stamet 745 Kemayoran;-6.155.946;1.068.423;3;01/03/2021 23:23;15.4;0;1;0;24.7;24.7;24.6;91.8;1012;7.4;7.4;;;;;;;;;
STA2181;AWS Stamet 745 Kemayoran;-6.155.946;1.068.423;3;01/03/2021 23:24;15.4;0;0;0;24.7;24.7;24.6;91.8;1011.8;7.4;7.4;;;;;;;;;
STA2181;AWS Stamet 745 Kemayoran;-6.155.946;1.068.423;3;01/03/2021 23:25;15.4;0;0;0;24.7;24.7;24.6;92.1;1011.2;7.4;7.4;;;;;;;;;
STA2181;AWS Stamet 745 Kemayoran;-6.155.946;1.068.423;3;01/03/2021 23:26;15.6;0;0;0;24.8;24.7;24.6;92.3;1012;7.4;7.4;;;;;;;;;
STA2181;AWS Stamet 745 Kemayoran;-6.155.946;1.068.423;3;01/03/2021 23:27;15.6;0;0;0;24.7;24.7;24.6;92.4;1011.7;7.4;7.4;;;;;;;;;
STA2181;AWS Stamet 745 Kemayoran;-6.155.946;1.068.423;3;01/03/2021 23:28;15.6;0;0.7;0;24.7;24.6;24.6;92.2;1011.2;7.4;7.4;;;;;;;;;
STA2181;AWS Stamet 745 Kemayoran;-6.155.946;1.068.423;3;01/03/2021 23:29;15.6;1;1;264;24.7;24.6;24.6;92.3;1011.8;9.3;9.3;;;;;;;;;
STA2181;AWS Stamet 745 Kemayoran;-6.155.946;1.068.423;3;01/03/2021 23:30;15.6;1.1;1.3;219;24.6;24.5;24.5;92.3;1011.2;11.1;11.1;;;;;;;;;
STA2181;AWS Stamet 745 Kemayoran;-6.155.946;1.068.423;3;01/03/2021 23:31;15.8;0.9;0.9;236;24.6;24.5;24.5;92.4;1011;11.1;11.1;;;;;;;;;
STA2181;AWS Stamet 745 Kemayoran;-6.155.946;1.068.423;3;01/03/2021 23:32;15.8;0;1;0;24.6;24.5;24.5;92.7;1011.6;11.1;11.1;;;;;;;;;
STA2181;AWS Stamet 745 Kemayoran;-6.155.946;1.068.423;3;01/03/2021 23:33;15.8;0.8;1.1;240;24.6;24.6;24.5;92.8;1010.8;11.1;11.1;;;;;;;;;
STA2181;AWS Stamet 745 Kemayoran;-6.155.946;1.068.423;3;01/03/2021 23:34;15.8;0.8;0.8;243;24.6;24.5;24.5;92.8;1011.3;11.1;13;;;;;;;;;
STA2181;AWS Stamet 745 Kemayoran;-6.155.946;1.068.423;3;01/03/2021 23:35;15.8;0;1;0;24.6;24.6;24.5;92.9;1011.6;11.1;13;;;;;;;;;
STA2181;AWS Stamet 745 Kemayoran;-6.155.946;1.068.423;3;01/03/2021 23:36;15.8;0;0;0;24.6;24.6;24.6;93.2;1011;13;13;;;;;;;;;
STA2181;AWS Stamet 745 Kemayoran;-6.155.946;1.068.423;3;01/03/2021 23:37;16;0.8;1.3;195;24.7;24.6;24.6;93.2;1011.7;11.1;11.1;;;;;;;;;
STA2181;AWS Stamet 745 Kemayoran;-6.155.946;1.068.423;3;01/03/2021 23:38;16;0;0.8;0;24.6;24.4;24.4;93;1011.8;11.1;11.1;;;;;;;;;
STA2181;AWS Stamet 745 Kemayoran;-6.155.946;1.068.423;3;01/03/2021 23:39;16;0;0.8;0;24.5;24.5;24.4;92.9;1011.2;11.1;11.1;;;;;;;;;
STA2181;AWS Stamet 745 Kemayoran;-6.155.946;1.068.423;3;01/03/2021 23:40;16;0;0;0;24.5;24.5;24.4;93.1;1012;9.3;11.1;;;;;;;;;
STA2181;AWS Stamet 745 Kemayoran;-6.155.946;1.068.423;3;01/03/2021 23:41;16;0;0;0;24.6;24.5;24.5;93.3;1011.7;7.4;9.3;;;;;;;;;
STA2181;AWS Stamet 745 Kemayoran;-6.155.946;1.068.423;3;01/03/2021 23:42;16;0;0;0;24.7;24.7;24.6;93.7;1011.5;7.4;7.4;;;;;;;;;
STA2181;AWS Stamet 745 Kemayoran;-6.155.946;1.068.423;3;01/03/2021 23:43;0;1;1;88;24.8;24.7;24.6;93.9;1012.2;7.4;7.4;;;;;;;;;
STA2181;AWS Stamet 745 Kemayoran;-6.155.946;1.068.423;3;01/03/2021 23:44;0.2;0.6;1;83;24.8;24.7;24.7;94.1;1011.8;7.4;7.4;;;;;;;;;
STA2181;AWS Stamet 745 Kemayoran;-6.155.946;1.068.423;3;01/03/2021 23:45;0.2;0.3;1;87;24.7;24.7;24.7;94.2;1011.6;9.3;9.3;;;;;;;;;
STA2181;AWS Stamet 745 Kemayoran;-6.155.946;1.068.423;3;01/03/2021 23:46;0.2;0;0;0;24.7;24.7;24.6;94.3;1012.2;9.3;9.3;;;;;;;;;
STA2181;AWS Stamet 745 Kemayoran;-6.155.946;1.068.423;3;01/03/2021 23:47;0.2;0.9;0.9;130;24.7;24.7;24.6;94.4;1011.7;11.1;11.1;;;;;;;;;
STA2181;AWS Stamet 745 Kemayoran;-6.155.946;1.068.423;3;01/03/2021 23:48;0.2;0.4;0.9;140;24.7;24.6;24.6;94.4;1011.8;11.1;11.1;;;;;;;;;
STA2181;AWS Stamet 745 Kemayoran;-6.155.946;1.068.423;3;01/03/2021 23:49;0.2;0;0;0;24.6;24.6;24.5;94.4;1012.1;11.1;11.1;;;;;;;;;
STA2181;AWS Stamet 745 Kemayoran;-6.155.946;1.068.423;3;01/03/2021 23:50;0.4;1.3;1.4;109;24.6;24.6;24.5;94.5;1011.3;11.1;11.1;;;;;;;;;
STA2181;AWS Stamet 745 Kemayoran;-6.155.946;1.068.423;3;01/03/2021 23:51;0.4;0.3;1.2;109;24.7;24.6;24.6;94.5;1011.9;11.1;11.1;;;;;;;;;
STA2181;AWS Stamet 745 Kemayoran;-6.155.946;1.068.423;3;01/03/2021 23:52;0.4;0.9;1;108;24.6;24.6;24.6;94.7;1011.9;13;13;;;;;;;;;
STA2181;AWS Stamet 745 Kemayoran;-6.155.946;1.068.423;3;01/03/2021 23:53;0.4;0.8;1;123;24.7;24.6;24.5;94.8;1011.2;14.8;14.8;;;;;;;;;
STA2181;AWS Stamet 745 Kemayoran;-6.155.946;1.068.423;3;01/03/2021 23:54;0.4;0;1.1;0;24.6;24.6;24.5;94.9;1011.9;14.8;14.8;;;;;;;;;
STA2181;AWS Stamet 745 Kemayoran;-6.155.946;1.068.423;3;01/03/2021 23:55;0.4;0;0.4;0;24.6;24.5;24.5;94.9;1011.6;14.8;14.8;;;;;;;;;
STA2181;AWS Stamet 745 Kemayoran;-6.155.946;1.068.423;3;01/03/2021 23:56;0.4;0.6;1;75;24.6;24.5;24.5;95.1;1011.2;14.8;14.8;;;;;;;;;
STA2181;AWS Stamet 745 Kemayoran;-6.155.946;1.068.423;3;01/03/2021 23:57;0.6;0;1.1;0;24.6;24.6;24.5;95.2;1011.9;14.8;14.8;;;;;;;;;
STA2181;AWS Stamet 745 Kemayoran;-6.155.946;1.068.423;3;01/03/2021 23:58;0.6;0.4;1;61;24.6;24.5;24.5;95;1011.6;14.8;14.8;;;;;;;;;
STA2181;AWS Stamet 745 Kemayoran;-6.155.946;1.068.423;3;01/03/2021 23:59;0.6;0.4;0.4;128;24.5;24.4;24.4;94.8;1011.3;14.8;14.8;;;;;;;;;
STA2041;AWS TMII;'-6.30407;'106.8987;3;03/01/2021 00:10;0;126.6;2,335;3,275;26.29;26.65;27.04;76.87;1006;74.56;92.2;;;;;;;;;
STA2041;AWS TMII;'-6.30407;'106.8987;3;03/01/2021 00:20;0;114.3;2,985;4.1;26.83;27.05;27.24;75.31;1006;201.3;265.1;;;;;;;;;
STA2041;AWS TMII;'-6.30407;'106.8987;3;03/01/2021 00:30;0;113.1;2,942;3,875;26.89;27.05;27.24;76.11;1006;119;253.6;;;;;;;;;
STA2041;AWS TMII;'-6.30407;'106.8987;3;03/01/2021 00:40;0;123.7;2,795;3,425;26.95;27.12;27.23;76.65;1006;156.7;380.4;;;;;;;;;
STA2041;AWS TMII;'-6.30407;'106.8987;3;03/01/2021 00:50;0;146.8;2,629;3.35;27.16;27.5;27.83;73.39;1006;359.3;426.5;;;;;;;;;
STA2041;AWS TMII;'-6.30407;'106.8987;3;03/01/2021 01:00;0;179.5;3,038;3.95;27.7;27.93;28.1;70.41;1006;307.3;449.5;;;;;;;;;
STA2041;AWS TMII;'-6.30407;'106.8987;3;03/01/2021 01:10;0;206.7;2,762;3,575;27.97;28.22;28.58;72.31;1007;314.7;518.6;;;;;;;;;
STA2041;AWS TMII;'-6.30407;'106.8987;3;03/01/2021 01:20;0;166;2.53;3,275;28.37;28.58;28.92;69.8;1007;406.8;518.6;;;;;;;;;
STA2041;AWS TMII;'-6.30407;'106.8987;3;03/01/2021 01:30;0;132.8;2,709;4.1;28.78;28.97;29.25;67.97;1006;176.1;403.4;;;;;;;;;
STA2041;AWS TMII;'-6.30407;'106.8987;3;03/01/2021 01:40;0;173.3;3,292;4,925;29.05;29.43;29.73;62.41;1006;470.6;610.8;;;;;;;;;
STA2041;AWS TMII;'-6.30407;'106.8987;3;03/01/2021 01:50;0;171.5;3,092;4.7;29.66;29.98;30.2;61.05;1006;287.9;610.8;;;;;;;;;
STA2041;AWS TMII;'-6.30407;'106.8987;3;03/01/2021 02:00;0;199.4;2,725;5,225;30.14;30.51;31.01;58.67;1007;518.6;737.6;;;;;;;;;
STA2041;AWS TMII;'-6.30407;'106.8987;3;03/01/2021 02:10;0;247;3,055;5,975;30.67;30.94;31.14;53.51;1007;232.2;426.3;;;;;;;;;
STA2041;AWS TMII;'-6.30407;'106.8987;3;03/01/2021 02:20;0;209.9;3,165;5;30.72;30.96;31.27;56.08;1006;236.8;495.5;;;;;;;;;
STA2041;AWS TMII;'-6.30407;'106.8987;3;03/01/2021 02:30;0;247.8;2.62;5;30.59;30.8;31.06;59.61;1006;174.8;195.9;;;;;;;;;
STA2041;AWS TMII;'-6.30407;'106.8987;3;03/01/2021 02:40;0;249.9;2,921;4,175;30.25;30.55;30.72;58.25;1006;156.4;172.8;;;;;;;;;
STA2041;AWS TMII;'-6.30407;'106.8987;3;03/01/2021 02:50;0;255;3,145;4.85;30.25;30.38;30.52;58.12;1006;173.6;207.4;;;;;;;;;
STA2041;AWS TMII;'-6.30407;'106.8987;3;03/01/2021 03:00;0;235;3,396;5,225;30.39;30.6;31.07;56.29;1006;422.1;1072;;;;;;;;;
STA2041;AWS TMII;'-6.30407;'106.8987;3;03/01/2021 03:10;0;252.3;3.08;4,775;30.93;31.14;31.33;59.27;1006;294.5;357.2;;;;;;;;;
STA2041;AWS TMII;'-6.30407;'106.8987;3;03/01/2021 03:20;0;252.2;3,376;5,375;31;31.26;31.54;59.61;1006;560.9;1072;;;;;;;;;
STA2041;AWS TMII;'-6.30407;'106.8987;3;03/01/2021 03:30;0;247.2;3,383;6,575;31.4;31.71;32.01;59.07;1006;482.1;1077;;;;;;;;;
STA2041;AWS TMII;'-6.30407;'106.8987;3;03/01/2021 03:40;0;259.4;3,694;5.75;31.4;31.69;32.08;59;1006;349.3;818;;;;;;;;;
STA2041;AWS TMII;'-6.30407;'106.8987;3;03/01/2021 04:00;0;264.2;3,778;6.95;31.6;31.83;32.15;57.51;1006;467.6;1072;;;;;;;;;
STA2041;AWS TMII;'-6.30407;'106.8987;3;03/01/2021 04:10;0;273;3,741;6.5;31.87;32.16;32.42;56.62;1006;856;1244;;;;;;;;;
STA2041;AWS TMII;'-6.30407;'106.8987;3;03/01/2021 04:20;0;268.5;3,791;6,275;32.28;32.58;32.96;56.15;1006;862;1187;;;;;;;;;
STA2041;AWS TMII;'-6.30407;'106.8987;3;03/01/2021 04:30;0;282.4;3,324;4,925;32.35;32.91;33.43;56.83;1006;1063;1118;;;;;;;;;
STA2041;AWS TMII;'-6.30407;'106.8987;3;03/01/2021 04:40;0;266.2;3,667;6.65;32.48;32.94;33.7;60.49;1005;1040;1118;;;;;;;;;
STA2041;AWS TMII;'-6.30407;'106.8987;3;03/01/2021 04:50;0;264.2;3.66;6,425;32.69;33.32;33.7;58.39;1005;807;1233;;;;;;;;;
STA2041;AWS TMII;'-6.30407;'106.8987;3;03/01/2021 05:00;0;267.6;3.84;6,275;32.28;32.8;33.36;57.64;1005;762;1164;;;;;;;;;
STA2041;AWS TMII;'-6.30407;'106.8987;3;03/01/2021 05:10;0;270.8;3.93;5,675;32.82;33.58;33.97;56.01;1005;994;1164;;;;;;;;;
STA2041;AWS TMII;'-6.30407;'106.8987;3;03/01/2021 05:20;0;255.5;4,038;6,875;32.76;33.42;33.97;56.29;1005;1011;1077;;;;;;;;;
STA2041;AWS TMII;'-6.30407;'106.8987;3;03/01/2021 05:30;0;252.2;3,581;5,975;32.76;33.29;33.7;59.13;1005;904;1118;;;;;;;;;
STA2041;AWS TMII;'-6.30407;'106.8987;3;03/01/2021 05:40;0;264.5;3,959;7,775;32.96;33.51;33.84;52.83;1005;960;1187;;;;;;;;;
STA2041;AWS TMII;'-6.30407;'106.8987;3;03/01/2021 05:50;0;276.4;3.66;6.05;33.5;34.08;34.79;54.19;1005;1026;1279;;;;;;;;;
STA2041;AWS TMII;'-6.30407;'106.8987;3;03/01/2021 06:00;0;278;3,412;6.2;34.31;34.8;35.19;53.44;1004;704.4;1083;;;;;;;;;
STA2041;AWS TMII;'-6.30407;'106.8987;3;03/01/2021 06:10;0;256.2;3,894;6.8;33.03;33.62;34.45;55.27;1004;483.5;714.3;;;;;;;;;
STA2041;AWS TMII;'-6.30407;'106.8987;3;03/01/2021 06:20;0;292.8;3,817;6.5;33.5;34.24;34.72;49.71;1004;717.7;1095;;;;;;;;;
STA2041;AWS TMII;'-6.30407;'106.8987;3;03/01/2021 06:30;0;271.8;3,699;7.4;33.91;34.35;34.86;52.02;1004;698;1233;;;;;;;;;
STA2041;AWS TMII;'-6.30407;'106.8987;3;03/01/2021 06:40;0;297.2;3,579;6.35;33.64;34.04;34.45;54.59;1004;257.5;795;;;;;;;;;
STA2041;AWS TMII;'-6.30407;'106.8987;3;03/01/2021 06:50;0;282.7;3,666;6.5;33.43;33.82;34.11;57.78;1003;244;587.6;;;;;;;;;
STA2041;AWS TMII;'-6.30407;'106.8987;3;03/01/2021 07:00;0;318.8;3,884;6.2;33.3;33.79;34.18;55.81;1003;437.3;1002;;;;;;;;;
STA2041;AWS TMII;'-6.30407;'106.8987;3;03/01/2021 07:10;0;323.7;4,666;8.15;32.35;32.94;33.91;64.69;1003;173.5;841;;;;;;;;;
STA2041;AWS TMII;'-6.30407;'106.8987;3;03/01/2021 07:20;0;317.8;4,479;7,175;32.08;32.36;32.96;63.33;1003;219.9;357.2;;;;;;;;;
STA2041;AWS TMII;'-6.30407;'106.8987;3;03/01/2021 07:30;0;321.2;5,009;8.6;32.42;32.94;33.43;64.69;1003;159.6;311.1;;;;;;;;;
STA2041;AWS TMII;'-6.30407;'106.8987;3;03/01/2021 07:40;0;302.7;3,954;5,825;31.81;32.16;32.48;67.2;1003;92.2;138.3;;;;;;;;;
STA2041;AWS TMII;'-6.30407;'106.8987;3;03/01/2021 07:50;0;322.3;4.04;5,975;31.47;31.68;31.94;68.01;1002;48.1;69.13;;;;;;;;;
STA2041;AWS TMII;'-6.30407;'106.8987;3;03/01/2021 08:00;0;307.1;4,035;6,125;30.65;31.19;31.6;72.15;1003;12.67;23.04;;;;;;;;;
STA2041;AWS TMII;'-6.30407;'106.8987;3;03/01/2021 08:10;0;295.5;3,604;6.2;29.91;30.27;30.65;74.11;1003;0.096;5,761;;;;;;;;;
STA2041;AWS TMII;'-6.30407;'106.8987;3;03/01/2021 08:20;0;293.5;3,167;5,675;29.44;29.81;30.11;78.53;1003;0;0;;;;;;;;;
STA2041;AWS TMII;'-6.30407;'106.8987;3;03/01/2021 08:30;1.2;307.3;2,934;4.4;29.04;29.4;29.78;82.4;1003;0;0;;;;;;;;;
STA2041;AWS TMII;'-6.30407;'106.8987;3;03/01/2021 08:40;2.2;98.1;2,676;3,875;28.03;28.58;28.98;90.5;1003;0;0;;;;;;;;;
STA2041;AWS TMII;'-6.30407;'106.8987;3;03/01/2021 08:50;2.4;67.41;3,498;5.45;27.49;27.73;28.1;93.9;1003;0;0;;;;;;;;;
STA2041;AWS TMII;'-6.30407;'106.8987;3;03/01/2021 09:00;2.6;26.42;3,072;5,075;27.36;27.56;27.76;93.1;1003;0;0;;;;;;;;;
STA2041;AWS TMII;'-6.30407;'106.8987;3;03/01/2021 09:10;2.6;52.5;2,767;4,475;27.15;27.39;27.63;93.2;1003;0;0;;;;;;;;;
STA2041;AWS TMII;'-6.30407;'106.8987;3;03/01/2021 09:20;2.6;125;2,335;3,125;27.02;27.17;27.36;93.5;1003;0;0;;;;;;;;;
STA2041;AWS TMII;'-6.30407;'106.8987;3;03/01/2021 09:30;2.6;118;2,391;4,025;26.95;27.21;27.49;92.4;1004;0;0;;;;;;;;;
STA2041;AWS TMII;'-6.30407;'106.8987;3;03/01/2021 09:40;2.6;99.7;2,752;3,575;26.88;27.05;27.29;93.6;1003;0.192;5,763;;;;;;;;;
STA2041;AWS TMII;'-6.30407;'106.8987;3;03/01/2021 09:50;2.6;73.88;2,242;3,125;26.88;27.03;27.15;94.1;1003;0;0;;;;;;;;;
STA2041;AWS TMII;'-6.30407;'106.8987;3;03/01/2021 10:00;2.6;26.44;2,344;3,425;26.89;26.98;27.16;91.7;1004;0.672;5,764;;;;;;;;;
STA2041;AWS TMII;'-6.30407;'106.8987;3;03/01/2021 10:10;2.6;340.6;2,036;2,675;26.88;27.02;27.23;91.8;1004;0.672;11.53;;;;;;;;;
STA2041;AWS TMII;'-6.30407;'106.8987;3;03/01/2021 10:20;2.6;299.5;2,366;3,275;26.82;26.98;27.16;92.5;1004;0;0;;;;;;;;;
STA2041;AWS TMII;'-6.30407;'106.8987;3;03/01/2021 10:30;2.6;234.4;2,355;3.5;26.82;26.99;27.22;92.7;1004;0;0;;;;;;;;;
STA2041;AWS TMII;'-6.30407;'106.8987;3;03/01/2021 10:40;2.6;179.4;2.46;3,275;27.02;27.16;27.36;93.9;1004;0;0;;;;;;;;;
STA2041;AWS TMII;'-6.30407;'106.8987;3;03/01/2021 10:50;2.6;153.5;2,609;3.95;27.16;27.25;27.5;93.3;1004;0;0;;;;;;;;;
STA2041;AWS TMII;'-6.30407;'106.8987;3;03/01/2021 11:00;2.6;144.4;2,962;3.95;26.95;27.18;27.43;92.2;1005;0;0;;;;;;;;;
STA2041;AWS TMII;'-6.30407;'106.8987;3;03/01/2021 11:10;2.6;148.9;3,333;4,175;26.61;26.79;27.09;91.7;1005;0;0;;;;;;;;;
STA2041;AWS TMII;'-6.30407;'106.8987;3;03/01/2021 11:20;2.6;160.4;2,947;4,175;26.61;26.72;26.95;91;1004;0;0;;;;;;;;;
STA2041;AWS TMII;'-6.30407;'106.8987;3;03/01/2021 11:30;2.6;151.4;3,158;4.1;26.48;26.62;26.82;90.9;1005;0;0;;;;;;;;;
STA2041;AWS TMII;'-6.30407;'106.8987;3;03/01/2021 11:40;2.6;198.4;3.09;4,625;26.21;26.44;26.82;90.4;1004;0;0;;;;;;;;;
STA2041;AWS TMII;'-6.30407;'106.8987;3;03/01/2021 11:50;2.6;195.2;2,269;3,125;26.2;26.36;26.55;90.8;1004;0;0;;;;;;;;;
STA2041;AWS TMII;'-6.30407;'106.8987;3;03/01/2021 12:00;2.6;199.3;2.61;3.5;26.21;26.29;26.48;90.2;1005;0;0;;;;;;;;;
STA2041;AWS TMII;'-6.30407;'106.8987;3;03/01/2021 12:10;2.6;127.1;2,123;3.05;26.14;26.33;26.48;90.6;1005;0;0;;;;;;;;;
STA2041;AWS TMII;'-6.30407;'106.8987;3;03/01/2021 12:20;2.6;161.7;2.29;3.2;26.21;26.36;26.55;89.8;1005;0;0;;;;;;;;;
STA2041;AWS TMII;'-6.30407;'106.8987;3;03/01/2021 12:30;2.6;157.6;2,176;3.35;26.07;26.2;26.35;90.9;1005;0;0;;;;;;;;;
STA2041;AWS TMII;'-6.30407;'106.8987;3;03/01/2021 12:40;2.8;81.8;2,127;2,975;26.01;26.19;26.42;89.8;1006;0;0;;;;;;;;;
STA2041;AWS TMII;'-6.30407;'106.8987;3;03/01/2021 12:50;2.8;129.3;2,051;2,675;25.94;26.12;26.28;92.9;1006;0;0;;;;;;;;;
STA2041;AWS TMII;'-6.30407;'106.8987;3;03/01/2021 13:00;3;197.9;2.24;2,825;25.6;25.85;26.22;91.9;1006;0;0;;;;;;;;;
STA2041;AWS TMII;'-6.30407;'106.8987;3;03/01/2021 13:10;3;183.9;2,208;2,825;25.53;25.64;25.81;93.1;1006;0;0;;;;;;;;;
STA2041;AWS TMII;'-6.30407;'106.8987;3;03/01/2021 13:20;3;104.1;2,292;2.75;25.6;25.71;25.87;93.7;1006;0;0;;;;;;;;;
STA2041;AWS TMII;'-6.30407;'106.8987;3;03/01/2021 13:30;3;148.1;2,065;2,825;25.6;25.77;25.88;94.2;1006;0;0;;;;;;;;;
STA2041;AWS TMII;'-6.30407;'106.8987;3;03/01/2021 13:40;3.2;163.2;2,109;2.75;25.67;25.79;25.95;93.8;1006;0;0;;;;;;;;;
STA2041;AWS TMII;'-6.30407;'106.8987;3;03/01/2021 13:50;3.2;194.2;2.16;2,675;25.54;25.71;25.88;93.1;1006;0;0;;;;;;;;;
STA2041;AWS TMII;'-6.30407;'106.8987;3;03/01/2021 14:00;3.2;179.3;2,232;3,275;25.54;25.78;26.01;93.9;1007;0;0;;;;;;;;;
STA2041;AWS TMII;'-6.30407;'106.8987;3;03/01/2021 14:10;3.2;187.8;2,854;3,575;25.6;25.81;26.01;92.7;1007;0;0;;;;;;;;;
STA2041;AWS TMII;'-6.30407;'106.8987;3;03/01/2021 14:20;3.2;165.6;2,458;3.35;25.81;25.95;26.15;90.6;1007;0;0;;;;;;;;;
STA2041;AWS TMII;'-6.30407;'106.8987;3;03/01/2021 14:30;3.2;199.4;2,655;3,725;25.81;25.94;26.22;89.3;1007;0;0;;;;;;;;;
STA2041;AWS TMII;'-6.30407;'106.8987;3;03/01/2021 14:40;3.2;218.5;2,472;3,125;25.74;25.87;25.95;89.7;1007;0;0;;;;;;;;;
STA2041;AWS TMII;'-6.30407;'106.8987;3;03/01/2021 14:50;3.2;307.6;2.1;2.7;25.7;25.8;26;90.6;1007;0;0;;;;;;;;;
STA2041;AWS TMII;'-6.30407;'106.8987;3;03/01/2021 15:00;3.2;352.5;2,202;3.05;25.75;25.9;26.08;91.8;1007;0;0;;;;;;;;;
STA2041;AWS TMII;'-6.30407;'106.8987;3;03/01/2021 15:10;3.2;61.25;2,001;2,075;25.61;25.75;25.88;92.1;1007;0;0;;;;;;;;;
STA2041;AWS TMII;'-6.30407;'106.8987;3;03/01/2021 15:20;3.2;170.7;2,156;2,675;25.6;25.75;25.94;93.7;1007;0;0;;;;;;;;;
STA2041;AWS TMII;'-6.30407;'106.8987;3;03/01/2021 15:30;3.2;175.3;2;2;25.54;25.63;25.81;93;1007;0;0;;;;;;;;;
STA2041;AWS TMII;'-6.30407;'106.8987;3;03/01/2021 15:40;3.2;154.6;2;2;25.48;25.65;25.81;93.8;1007;0;0;;;;;;;;;
STA2041;AWS TMII;'-6.30407;'106.8987;3;03/01/2021 15:50;3.2;101.3;2;2;25.54;25.71;25.88;93.2;1007;0;0;;;;;;;;;
STA2041;AWS TMII;'-6.30407;'106.8987;3;03/01/2021 16:00;3.2;92;2;2;25.67;25.82;25.95;93.2;1007;0;0;;;;;;;;;
STA2041;AWS TMII;'-6.30407;'106.8987;3;03/01/2021 16:10;3.2;93.9;2,001;2,075;25.6;25.75;25.88;94;1007;0;0;;;;;;;;;
STA2041;AWS TMII;'-6.30407;'106.8987;3;03/01/2021 16:20;3.2;97.1;2,073;2.6;25.54;25.66;25.81;93.8;1007;0;0;;;;;;;;;
STA2041;AWS TMII;'-6.30407;'106.8987;3;03/01/2021 16:30;3.2;99.4;2;2;25.54;25.67;25.88;93.6;1007;0;0;;;;;;;;;
STA2041;AWS TMII;'-6.30407;'106.8987;3;03/01/2021 16:40;3.2;159.5;2,141;2.75;25.61;25.73;25.88;94.6;1007;0;0;;;;;;;;;
STA2041;AWS TMII;'-6.30407;'106.8987;3;03/01/2021 16:50;3.2;185.1;2,053;2.75;25.41;25.63;25.88;94.3;1007;0;0;;;;;;;;;
STA2041;AWS TMII;'-6.30407;'106.8987;3;03/01/2021 17:00;3.2;190.8;2,031;2.45;25.41;25.56;25.68;94;1007;0;0;;;;;;;;;
STA2041;AWS TMII;'-6.30407;'106.8987;3;03/01/2021 17:10;3.2;164.7;2,056;2.6;25.54;25.62;25.88;94;1007;0;0;;;;;;;;;
STA2041;AWS TMII;'-6.30407;'106.8987;3;03/01/2021 17:20;3.2;130.6;2,156;2.9;25.54;25.67;25.88;93.4;1007;0;0;;;;;;;;;
STA2041;AWS TMII;'-6.30407;'106.8987;3;03/01/2021 17:30;3.2;129;2.15;2.75;25.61;25.71;25.88;93.7;1006;0;0;;;;;;;;;
STA2041;AWS TMII;'-6.30407;'106.8987;3;03/01/2021 17:40;3.2;93.5;2;2;25.54;25.65;25.88;93.5;1006;0;0;;;;;;;;;
STA2041;AWS TMII;'-6.30407;'106.8987;3;03/01/2021 17:50;3.2;124.2;2;2;25.41;25.6;25.75;93.9;1006;0;0;;;;;;;;;
STA2041;AWS TMII;'-6.30407;'106.8987;3;03/01/2021 18:00;3.2;139.2;2;2;25.4;25.51;25.68;93.8;1006;0;0;;;;;;;;;
STA2041;AWS TMII;'-6.30407;'106.8987;3;03/01/2021 18:10;3.2;139;2;2;25.4;25.51;25.75;94.3;1006;0;0;;;;;;;;;
STA2041;AWS TMII;'-6.30407;'106.8987;3;03/01/2021 18:20;3.2;138.5;2;2;25.34;25.49;25.68;94.6;1006;0;0;;;;;;;;;
STA2041;AWS TMII;'-6.30407;'106.8987;3;03/01/2021 18:30;3.2;138.3;2;2;25.34;25.49;25.68;94.6;1006;0;0;;;;;;;;;
STA2041;AWS TMII;'-6.30407;'106.8987;3;03/01/2021 18:40;3.2;300.1;2,542;4,475;25.47;25.66;25.88;94.3;1006;0;0;;;;;;;;;
STA2041;AWS TMII;'-6.30407;'106.8987;3;03/01/2021 18:50;3.2;323.6;2,403;3,575;25.61;25.8;26.02;93.5;1006;0;0;;;;;;;;;
STA2041;AWS TMII;'-6.30407;'106.8987;3;03/01/2021 19:00;4.4;280.2;2,195;3.35;25.61;25.82;26.01;94.7;1005;0;0;;;;;;;;;
STA2041;AWS TMII;'-6.30407;'106.8987;3;03/01/2021 19:10;4.6;322.5;2,059;2,825;25.47;25.63;25.88;95.6;1005;0;0;;;;;;;;;
STA2041;AWS TMII;'-6.30407;'106.8987;3;03/01/2021 19:20;5;223;2;2;25.4;25.53;25.67;96.6;1005;0;0;;;;;;;;;
STA2041;AWS TMII;'-6.30407;'106.8987;3;03/01/2021 19:30;5.2;31.32;2;2;25.34;25.51;25.68;96.9;1005;0;0;;;;;;;;;
STA2041;AWS TMII;'-6.30407;'106.8987;3;03/01/2021 19:40;5.4;27.25;2,091;2.75;24.87;25.23;25.61;95.9;1005;0;0;;;;;;;;;
STA2041;AWS TMII;'-6.30407;'106.8987;3;03/01/2021 19:50;5.4;83;2;2;24.93;25.07;25.21;96.3;1005;0;0;;;;;;;;;
STA2041;AWS TMII;'-6.30407;'106.8987;3;03/01/2021 20:00;5.4;303.3;2,005;2,225;24.93;25.08;25.34;96.5;1006;0;0;;;;;;;;;
STA2041;AWS TMII;'-6.30407;'106.8987;3;03/01/2021 20:10;5.4;234.2;2;2;24.86;24.98;25.21;96.7;1005;0;0;;;;;;;;;
STA2041;AWS TMII;'-6.30407;'106.8987;3;03/01/2021 20:20;5.4;223.7;2;2;24.73;24.87;25.07;96.6;1005;0;0;;;;;;;;;
STA2041;AWS TMII;'-6.30407;'106.8987;3;03/01/2021 20:30;5.4;226.7;2;2;24.6;24.8;25;96.5;1005;0;0;;;;;;;;;
STA2041;AWS TMII;'-6.30407;'106.8987;3;03/01/2021 20:40;5.4;200.2;2,109;2,825;24.6;24.72;24.94;96.1;1005;0;0;;;;;;;;;
STA2041;AWS TMII;'-6.30407;'106.8987;3;03/01/2021 20:50;5.4;98.5;2,129;2.6;24.73;24.89;25.21;96.7;1005;0;0;;;;;;;;;
STA2041;AWS TMII;'-6.30407;'106.8987;3;03/01/2021 21:00;5.4;102.8;2,115;2.75;24.8;24.92;25.07;96.7;1005;0;0;;;;;;;;;
STA2041;AWS TMII;'-6.30407;'106.8987;3;03/01/2021 21:10;5.4;117.1;2,101;2,675;24.8;24.93;25.14;96.9;1005;0;0;;;;;;;;;
STA2041;AWS TMII;'-6.30407;'106.8987;3;03/01/2021 21:20;5.4;114.7;2,541;3.2;24.8;24.96;25.14;97.2;1005;0;0;;;;;;;;;
STA2041;AWS TMII;'-6.30407;'106.8987;3;03/01/2021 21:30;5.4;81.9;2.55;3,425;24.87;24.97;25.21;97.2;1005;0;0;;;;;;;;;
STA2041;AWS TMII;'-6.30407;'106.8987;3;03/01/2021 21:40;5.4;76.21;2.01;2.3;24.87;24.98;25.14;97.2;1005;0;0;;;;;;;;;
STA2041;AWS TMII;'-6.30407;'106.8987;3;03/01/2021 21:50;5.4;96.3;2;2;24.87;24.99;25.21;97.2;1005;0;0;;;;;;;;;
STA2041;AWS TMII;'-6.30407;'106.8987;3;03/01/2021 22:00;5.4;135.3;2.06;2.6;24.87;25.02;25.21;97.3;1005;0;0;;;;;;;;;
STA2041;AWS TMII;'-6.30407;'106.8987;3;03/01/2021 22:10;5.4;174.2;2;2;24.94;25.06;25.28;97.2;1005;0;0;;;;;;;;;
STA2041;AWS TMII;'-6.30407;'106.8987;3;03/01/2021 22:20;5.4;218.1;2;2;24.87;24.98;25.14;97.4;1006;0;0;;;;;;;;;
STA2041;AWS TMII;'-6.30407;'106.8987;3;03/01/2021 22:30;5.4;248.3;2;2;24.87;25.06;25.28;97.2;1006;0;0;;;;;;;;;
STA2041;AWS TMII;'-6.30407;'106.8987;3;03/01/2021 22:40;5.4;253.6;2,164;2,975;25.07;25.18;25.34;97.4;1006;0;0;;;;;;;;;
STA2041;AWS TMII;'-6.30407;'106.8987;3;03/01/2021 22:50;5.4;240.1;2,124;2.9;24.87;25.12;25.34;96.9;1006;0;0;;;;;;;;;
STA2041;AWS TMII;'-6.30407;'106.8987;3;03/01/2021 23:00;5.4;262;2,045;2,525;24.8;24.96;25.14;96.5;1006;0;0;;;;;;;;;
STA2041;AWS TMII;'-6.30407;'106.8987;3;03/01/2021 23:10;5.4;244;2,145;2,825;24.8;24.96;25.21;95.9;1006;0;0;;;;;;;;;
STA2041;AWS TMII;'-6.30407;'106.8987;3;03/01/2021 23:20;5.4;274.1;2,166;3,125;24.73;24.84;24.94;95.4;1006;5,572;11.53;;;;;;;;;
STA2041;AWS TMII;'-6.30407;'106.8987;3;03/01/2021 23:30;5.4;273.4;2,083;2,825;24.8;24.92;25.14;95.6;1006;11.05;11.53;;;;;;;;;
STA2041;AWS TMII;'-6.30407;'106.8987;3;03/01/2021 23:40;5.4;284.5;3,015;5,375;24.8;24.93;25.07;94.6;1007;0.192;5,764;;;;;;;;;
STA2041;AWS TMII;'-6.30407;'106.8987;3;03/01/2021 23:50;5.8;301.1;3,502;6,575;24.46;24.78;25.07;95.3;1007;0;0;;;;;;;;;
;;;;;;;;;;;;;;;;;;;;;;;;;
;;;;;;;;;;;;;;;;;;;;;;;;;
;;;;;;;;;;;;;;;;;;;;;;;;;
;Warna Merah adalah data suspect;;;;;;;;;;;;;;;;;;;;;;;;
